,,,#NAME?,,,,,,,,,,,,,,,,,,,,,,,,,,,,,,,,,,,,,,,,,,,,,,,,,,,,,,,,,,,,,,,,,,,,,,,,,,,,,,,,,,,,,,,,,,,,,,,,,,,,,,,,,,,,,,,,,,,,,,,,,,,,,,,,,,,,,,,,,,,,,,,,,,,,,,,,,,,,,,,,,,,,,,,,,,,,,,,,,,,,,,,,,,,,,,,,,,,,,,,,,,,,,,,,,,,,,,,,,,,,,,,,,,,,,,,,,,,,,,,,,,,,,,,,,,,,,,,,,,,,,,,,,,,,,,,,,,,,,,,,,,,,,,,,,,,,,,,,,,,,,,,,,,,,,,,,,,,,,,,,,,,
,,,,,,,,,,,,,,,,,,,,,,,,,,,,,,,,,,,,,,,,,,,,,,,,,,,,,,,,,,,,,,,,,,,,,,,,,,,,,,,,,,,,,,,,,,,,,,,,,,,,,,,,,,,,,,,,,,,,,,,,,,,,,,,,,,,,,,,,,,,,,,,,,,,,,,,,,,,,,,,,,,,,,,,,,,,,,,,,,,,,,,,,,,,,,,,,,,,,,,,,,,,,,,,,,,,,,,,,,,,,,,,,,,,,,,,,,,,,,,,,,,,,,,,,,,,,,,,,,,,,,,,,,,,,,,,,,,,,,,,,,,,,,,,,,,,,,,,,,,,,,,,,,,,,,,,,,,,,,,,,,,,,,,
,,,2015,,,,,,,,,,,,,,,,,,,,,,,,,,,,,,,,,,,,,,,,,,,,,,,,,,,,,,,,,,,,,,,,,,,,,,,,,,,,,,,,,2014,,,,,,,,,,,,,,,,,,,,,,,,,,,,,,,,,,,,,,,,,,,,,,,,,,,,,,,,,,,,,,,,,,,,,,,,,,,,,,,,,2013,,,,,,,,,,,,,,,,,,,,,,,,,,,,,,,,,,,,,,,,,,,,,,,,,,,,,,,,,,,,,,,,,,,,,,,,,,,,,,,,,2012,,,,,,,,,,,,,,,,,,,,,,,,,,,,,,,,,,,,,,,,,,,,,,,,,,,,,,,,,,,,,,,,,,,,,,,,,,,,,,,,
,,,HS00189,HS06169,HS07564,HS06170,HS07859,HS00190,HS00191,HS00192,HS00193,HS00194,HS00195,HS00196,HS00197,HS00198,HS00199,HS00200,HS00201,HS06171,HS00202,HS00203,HS00204,HS00205,HS00206,HS00207,HS00208,HS00209,HS00210,HS00212,HS00213,HS00214,HS00215,HS00216,HS00217,HS06172,HS00218,HS00219,HS00220,HS00221,HS00222,HS00223,HS00224,HS00225,HS00226,HS00227,HS00228,HS06173,HS00229,HS00230,HS00231,HS00232,HS00233,HS00234,HS00235,HS00236,HS00237,HS00238,HS00239,HS00240,HS00241,HS07860,HS00242,HS00243,HS00244,HS00245,HS00246,HS00247,HS00248,HS00249,HS00250,HS00251,HS00252,HS00253,HS00254,HS00255,HS00256,HS00257,HS00258,HS00259,HS00260,HS00261,HS00262,HS00189,HS06169,HS07564,HS06170,HS07859,HS00190,HS00191,HS00192,HS00193,HS00194,HS00195,HS00196,HS00197,HS00198,HS00199,HS00200,HS00201,HS06171,HS00202,HS00203,HS00204,HS00205,HS00206,HS00207,HS00208,HS00209,HS00210,HS00212,HS00213,HS00214,HS00215,HS00216,HS00217,HS06172,HS00218,HS00219,HS00220,HS00221,HS00222,HS00223,HS00224,HS00225,HS00226,HS00227,HS00228,HS06173,HS00229,HS00230,HS00231,HS00232,HS00233,HS00234,HS00235,HS00236,HS00237,HS00238,HS00239,HS00240,HS00241,HS07860,HS00242,HS00243,HS00244,HS00245,HS00246,HS00247,HS00248,HS00249,HS00250,HS00251,HS00252,HS00253,HS00254,HS00255,HS00256,HS00257,HS00258,HS00259,HS00260,HS00261,HS00262,HS00189,HS06169,HS07564,HS06170,HS07859,HS00190,HS00191,HS00192,HS00193,HS00194,HS00195,HS00196,HS00197,HS00198,HS00199,HS00200,HS00201,HS06171,HS00202,HS00203,HS00204,HS00205,HS00206,HS00207,HS00208,HS00209,HS00210,HS00212,HS00213,HS00214,HS00215,HS00216,HS00217,HS06172,HS00218,HS00219,HS00220,HS00221,HS00222,HS00223,HS00224,HS00225,HS00226,HS00227,HS00228,HS06173,HS00229,HS00230,HS00231,HS00232,HS00233,HS00234,HS00235,HS00236,HS00237,HS00238,HS00239,HS00240,HS00241,HS07860,HS00242,HS00243,HS00244,HS00245,HS00246,HS00247,HS00248,HS00249,HS00250,HS00251,HS00252,HS00253,HS00254,HS00255,HS00256,HS00257,HS00258,HS00259,HS00260,HS00261,HS00262,HS00189,HS06169,HS07564,HS06170,HS07859,HS00190,HS00191,HS00192,HS00193,HS00194,HS00195,HS00196,HS00197,HS00198,HS00199,HS00200,HS00201,HS06171,HS00202,HS00203,HS00204,HS00205,HS00206,HS00207,HS00208,HS00209,HS00210,HS00212,HS00213,HS00214,HS00215,HS00216,HS00217,HS06172,HS00218,HS00219,HS00220,HS00221,HS00222,HS00223,HS00224,HS00225,HS00226,HS00227,HS00228,HS06173,HS00229,HS00230,HS00231,HS00232,HS00233,HS00234,HS00235,HS00236,HS00237,HS00238,HS00239,HS00240,HS00241,HS07860,HS00242,HS00243,HS00244,HS00245,HS00246,HS00247,HS00248,HS00249,HS00250,HS00251,HS00252,HS00253,HS00254,HS00255,HS00256,HS00257,HS00258,HS00259,HS00260,HS00261,HS00262
AMB#,NAIC#,Company Name,Fee for service (net of med ex)(i),(incl $    non-hlth prem income)(i),Clms (incl $ cost containment exps),(incl $    inc in life reserve) (i),Net real cap gains tax $(i),Net gain loss fr agents (i),Or premium bal charge off (i),Srev uncov hosp & med benefits,Srev uncov other profes svcs,Srev uncov outside referrals,Srev uncov emer rm & out of area,Srev uncov prescription drugs,Srev uncov agg wr-in other med&hos,Srev uncov incent pool & w/hold adj,Srev uncov subtotal,Srev uncov net reinsur recoveries,Srev uncov total med & hospital,Srev uncov non-health claims,Srev uncov claims adj expenses,Srev uncov gen admin expenses,Srev uncov incr in res for a&h cont,Srev uncov tot underwrit deductions,Srev uncov net invest income earnd,Srev uncov net realiz cap gn or los,Srev uncov net invest gain or loss,Srev uncov net gn ls fr charge off,Srev uncov agg wi oth inc or expen,Srev total member months,Net premium income,Srev total chg in unearnd prem res,Srev total fee fr serv (net med ex),Srev total risk revenue,Srev total agg wi oth hlth rel rev,Srev total agg w-i oth non-hlth rev,Srev total total revenues,Srev total hospital medical benef,Srev total other profes services,Srev total outside referrals,Srev total er and out of area,Srev total prescription drugs,Srev total agg wi oth med & hospit,Srev total incent pool & whold adj,Srev total subtotal,Srev total net reins recoveries,Srev total ttl medical & hospital,Srev total non-health claims,Srev total claim adjust expenses,Srev total gen admin expenses,Srev total incr resrvs acc&hlth con,Srev total ttl underwr deductions,Srev total net underwr gain loss,Srev total net invest incom earned,Srev total net realiz cap gain loss,Srev total net invest gain loss,Srev total net g l fr a or p bal ch,Srev total agg wi oth inc or expen,Srev total net inc bef fed inc tax,Srev total fed & forgn inc tx incur,Srev total net income (loss),Net unrl cap gains tax $(i),Srev curr cap & surp prior report,Srev net inc or los from l30,Srev chg in val basis of agg pol,Srev net unreal cap gain loss,Srev chg net unreal for exch cgl,Srev chg net deferr income tax,Srev change nonadmitted assets,Srev change unauthor reinsurance,Srev change in treasury stock,Srev change in surplus notes,Srev cum eff of chg in acct princ,Srev cap changes paid in,Srev cap changes trans fr surplus,Srev cap changes trans to surplus,Srev surp adjust paid in,Srev surp adjust trans to capital,Srev surp adjust trans fr capital,Srev dividends to stockholders,Srev agg wr-in gain loss in surpl,Srev net change in cap & surp,Srev cap & surp end of rept period,Fee for service (net of med ex)(i),(incl $    non-hlth prem income)(i),Clms (incl $ cost containment exps),(incl $    inc in life reserve) (i),Net real cap gains tax $(i),Net gain loss fr agents (i),Or premium bal charge off (i),Srev uncov hosp & med benefits,Srev uncov other profes svcs,Srev uncov outside referrals,Srev uncov emer rm & out of area,Srev uncov prescription drugs,Srev uncov agg wr-in other med&hos,Srev uncov incent pool & w/hold adj,Srev uncov subtotal,Srev uncov net reinsur recoveries,Srev uncov total med & hospital,Srev uncov non-health claims,Srev uncov claims adj expenses,Srev uncov gen admin expenses,Srev uncov incr in res for a&h cont,Srev uncov tot underwrit deductions,Srev uncov net invest income earnd,Srev uncov net realiz cap gn or los,Srev uncov net invest gain or loss,Srev uncov net gn ls fr charge off,Srev uncov agg wi oth inc or expen,Srev total member months,Net premium income,Srev total chg in unearnd prem res,Srev total fee fr serv (net med ex),Srev total risk revenue,Srev total agg wi oth hlth rel rev,Srev total agg w-i oth non-hlth rev,Srev total total revenues,Srev total hospital medical benef,Srev total other profes services,Srev total outside referrals,Srev total er and out of area,Srev total prescription drugs,Srev total agg wi oth med & hospit,Srev total incent pool & whold adj,Srev total subtotal,Srev total net reins recoveries,Srev total ttl medical & hospital,Srev total non-health claims,Srev total claim adjust expenses,Srev total gen admin expenses,Srev total incr resrvs acc&hlth con,Srev total ttl underwr deductions,Srev total net underwr gain loss,Srev total net invest incom earned,Srev total net realiz cap gain loss,Srev total net invest gain loss,Srev total net g l fr a or p bal ch,Srev total agg wi oth inc or expen,Srev total net inc bef fed inc tax,Srev total fed & forgn inc tx incur,Srev total net income (loss),Net unrl cap gains tax $(i),Srev curr cap & surp prior report,Srev net inc or los from l30,Srev chg in val basis of agg pol,Srev net unreal cap gain loss,Srev chg net unreal for exch cgl,Srev chg net deferr income tax,Srev change nonadmitted assets,Srev change unauthor reinsurance,Srev change in treasury stock,Srev change in surplus notes,Srev cum eff of chg in acct princ,Srev cap changes paid in,Srev cap changes trans fr surplus,Srev cap changes trans to surplus,Srev surp adjust paid in,Srev surp adjust trans to capital,Srev surp adjust trans fr capital,Srev dividends to stockholders,Srev agg wr-in gain loss in surpl,Srev net change in cap & surp,Srev cap & surp end of rept period,Fee for service (net of med ex)(i),(incl $    non-hlth prem income)(i),Clms (incl $ cost containment exps),(incl $    inc in life reserve) (i),Net real cap gains tax $(i),Net gain loss fr agents (i),Or premium bal charge off (i),Srev uncov hosp & med benefits,Srev uncov other profes svcs,Srev uncov outside referrals,Srev uncov emer rm & out of area,Srev uncov prescription drugs,Srev uncov agg wr-in other med&hos,Srev uncov incent pool & w/hold adj,Srev uncov subtotal,Srev uncov net reinsur recoveries,Srev uncov total med & hospital,Srev uncov non-health claims,Srev uncov claims adj expenses,Srev uncov gen admin expenses,Srev uncov incr in res for a&h cont,Srev uncov tot underwrit deductions,Srev uncov net invest income earnd,Srev uncov net realiz cap gn or los,Srev uncov net invest gain or loss,Srev uncov net gn ls fr charge off,Srev uncov agg wi oth inc or expen,Srev total member months,Net premium income,Srev total chg in unearnd prem res,Srev total fee fr serv (net med ex),Srev total risk revenue,Srev total agg wi oth hlth rel rev,Srev total agg w-i oth non-hlth rev,Srev total total revenues,Srev total hospital medical benef,Srev total other profes services,Srev total outside referrals,Srev total er and out of area,Srev total prescription drugs,Srev total agg wi oth med & hospit,Srev total incent pool & whold adj,Srev total subtotal,Srev total net reins recoveries,Srev total ttl medical & hospital,Srev total non-health claims,Srev total claim adjust expenses,Srev total gen admin expenses,Srev total incr resrvs acc&hlth con,Srev total ttl underwr deductions,Srev total net underwr gain loss,Srev total net invest incom earned,Srev total net realiz cap gain loss,Srev total net invest gain loss,Srev total net g l fr a or p bal ch,Srev total agg wi oth inc or expen,Srev total net inc bef fed inc tax,Srev total fed & forgn inc tx incur,Srev total net income (loss),Net unrl cap gains tax $(i),Srev curr cap & surp prior report,Srev net inc or los from l30,Srev chg in val basis of agg pol,Srev net unreal cap gain loss,Srev chg net unreal for exch cgl,Srev chg net deferr income tax,Srev change nonadmitted assets,Srev change unauthor reinsurance,Srev change in treasury stock,Srev change in surplus notes,Srev cum eff of chg in acct princ,Srev cap changes paid in,Srev cap changes trans fr surplus,Srev cap changes trans to surplus,Srev surp adjust paid in,Srev surp adjust trans to capital,Srev surp adjust trans fr capital,Srev dividends to stockholders,Srev agg wr-in gain loss in surpl,Srev net change in cap & surp,Srev cap & surp end of rept period,Fee for service (net of med ex)(i),(incl $    non-hlth prem income)(i),Clms (incl $ cost containment exps),(incl $    inc in life reserve) (i),Net real cap gains tax $(i),Net gain loss fr agents (i),Or premium bal charge off (i),Srev uncov hosp & med benefits,Srev uncov other profes svcs,Srev uncov outside referrals,Srev uncov emer rm & out of area,Srev uncov prescription drugs,Srev uncov agg wr-in other med&hos,Srev uncov incent pool & w/hold adj,Srev uncov subtotal,Srev uncov net reinsur recoveries,Srev uncov total med & hospital,Srev uncov non-health claims,Srev uncov claims adj expenses,Srev uncov gen admin expenses,Srev uncov incr in res for a&h cont,Srev uncov tot underwrit deductions,Srev uncov net invest income earnd,Srev uncov net realiz cap gn or los,Srev uncov net invest gain or loss,Srev uncov net gn ls fr charge off,Srev uncov agg wi oth inc or expen,Srev total member months,Net premium income,Srev total chg in unearnd prem res,Srev total fee fr serv (net med ex),Srev total risk revenue,Srev total agg wi oth hlth rel rev,Srev total agg w-i oth non-hlth rev,Srev total total revenues,Srev total hospital medical benef,Srev total other profes services,Srev total outside referrals,Srev total er and out of area,Srev total prescription drugs,Srev total agg wi oth med & hospit,Srev total incent pool & whold adj,Srev total subtotal,Srev total net reins recoveries,Srev total ttl medical & hospital,Srev total non-health claims,Srev total claim adjust expenses,Srev total gen admin expenses,Srev total incr resrvs acc&hlth con,Srev total ttl underwr deductions,Srev total net underwr gain loss,Srev total net invest incom earned,Srev total net realiz cap gain loss,Srev total net invest gain loss,Srev total net g l fr a or p bal ch,Srev total agg wi oth inc or expen,Srev total net inc bef fed inc tax,Srev total fed & forgn inc tx incur,Srev total net income (loss),Net unrl cap gains tax $(i),Srev curr cap & surp prior report,Srev net inc or los from l30,Srev chg in val basis of agg pol,Srev net unreal cap gain loss,Srev chg net unreal for exch cgl,Srev chg net deferr income tax,Srev change nonadmitted assets,Srev change unauthor reinsurance,Srev change in treasury stock,Srev change in surplus notes,Srev cum eff of chg in acct princ,Srev cap changes paid in,Srev cap changes trans fr surplus,Srev cap changes trans to surplus,Srev surp adjust paid in,Srev surp adjust trans to capital,Srev surp adjust trans fr capital,Srev dividends to stockholders,Srev agg wr-in gain loss in surpl,Srev net change in cap & surp,Srev cap & surp end of rept period
070972,00000,Aetna Health Group (G),0,0,354616,5866,-166,0,0,622986,3445,359622,47156,78459,0,0,1111668,11,1111657,0,11722,101383,0,1224761,0,0,0,0,0,70023872,25578269,-29929,0,1045,9494,0,25558879,15679293,592275,754511,1311418,3406575,-21094,108286,21831263,676009,21155253,-3,493748,3025038,6754,24680791,878088,180140,-10922,169218,0,-4734,1042572,379913,662660,-5612,3642010,662660,0,-3403,0,30866,-121320,1266,0,0,0,10,0,0,460054,0,0,-416300,8513,622346,4264356,0,0,267671,-2,4133,0,0,485148,4794,192554,25089,51173,0,0,758759,-23,758782,4,4498,43141,-1402,805023,0,0,0,0,0,73130744,24511642,25852,0,807,16935,348,24555583,16374643,246167,306802,619282,3502994,47618,121735,21219241,591646,20627595,103,373988,2863258,-21828,23843117,712466,147952,7808,155760,0,-4333,863892,293741,570151,-714,3190692,570151,0,-3765,0,-31741,12086,1087,0,78,0,0,0,0,275340,0,0,-372449,42228,493015,3683707,0,0,304195,0,7505,-2075,1842,281230,2958,203406,40902,38979,0,31,567507,102,567405,7,8400,45601,-6694,614719,0,0,0,0,0,74008644,22095321,-37451,0,1515,12385,686,22072456,14616330,186961,266307,690449,3213811,21831,111905,19107594,470170,18637424,202,613668,2042932,-33076,21261149,811307,135346,14072,149419,-3937,-711,956078,248009,708069,-909,3209128,708069,0,-4241,0,-1666,26459,-3958,0,57,0,1,0,0,24851,0,0,-752300,-14801,-17529,3191598,0,0,267010,0,19408,-1834,853,270810,7407,242734,26305,39898,0,0,587153,57,587096,7,19612,120111,0,726826,0,0,0,0,0,82539530,22824079,60337,0,1568,10977,818,22897779,14835399,219509,269664,610793,3316060,-14658,116890,19353658,-13828,19367486,183,532094,2061664,-3055,21958371,939408,148390,-8686,139704,-6252,4372,1077232,255988,821244,40,2971602,821244,0,85,0,-56293,10903,0,0,55,5986,0,0,0,232478,0,0,-738989,-34924,240545,3212147
070964,00000,Anthem Health Companies (G),0,53469,1061200,132,45248,341,-25305,1905302,15867,124344,222658,744163,723869,7734,3743936,76890,3667046,0,192890,481616,20138,4361690,40738,-12025,28714,13,491,277842236,70592364,306511,0,0,119716,4269,71022861,38289804,3423887,345362,3689387,10337341,2165350,214471,58465603,358323,58107279,28468,1784999,6716371,61360,66698477,4324384,494858,64104,558962,-26982,33518,4889882,2086633,2803248,-69069,11115256,2803248,0,-127181,0,94916,-257691,1114,0,0,0,0,0,0,133010,0,0,-2649000,-35231,-36815,11078441,0,48617,873622,398,51933,0,-14125,2014233,18982,171715,466969,769818,693170,3960,4138847,52176,4086672,0,314879,759971,595,5162116,34428,4642,39070,-1,-508,261543328,66395826,111585,0,0,115700,3685,66626796,36108690,3279766,351212,3836492,9381541,1672548,151187,54781436,387798,54393638,26669,1528923,6578063,-5726,62521568,4105228,520614,80975,601590,-16272,37311,4727856,1922239,2805617,36247,11033357,2805617,0,68966,0,31998,-50978,-1307,0,-11000,0,2079,0,-1079,289521,0,1079,-3123000,101127,113023,11146380,0,45903,1037506,821,71488,136,-1353,2060419,7124,261595,875184,708464,3242,2224,3918252,0,3918252,0,337577,500795,652,4757277,39281,29798,69079,-5,195,265524878,63357203,139325,0,0,695562,2876,64194966,35329670,2632310,420712,4793387,8514333,1997394,74103,53761908,51042,53710866,25128,1743242,4887774,43589,60410599,3784367,504109,184482,688591,-3807,45325,4514476,1510444,3004033,6603,10886928,3004033,0,54134,0,50738,-120562,-30,0,1000,0,0,0,0,120878,0,0,-2983000,49571,176761,11063689,0,41089,640815,-1,54269,148,-422,2189280,9720,295434,872039,743534,785665,256,4895928,-23,4895951,0,195778,526341,-35153,5582917,44847,21772,66619,-14,3602,270875863,63463176,-4598,0,0,128436,3302,63590315,36082742,2531354,515252,4291919,8314240,1917028,27860,53680396,38186,53642210,17692,1231430,4828453,-38354,59681431,3908884,505315,180737,686053,-584,110815,4705168,1431456,3273711,28628,9619388,3273711,0,97825,0,-62193,158015,1274,0,5000,206008,0,0,0,274420,0,6912,-2724005,30630,1267598,10886986
070971,00000,Arkansas BC/BS Group (G),0,0,4112,0,-566,0,0,0,0,0,0,0,0,0,0,0,0,0,0,0,0,0,0,0,0,0,0,8700707,2421256,-4285,0,0,0,0,2416971,1396307,34403,3309,221655,498809,0,2241,2156724,100260,2056464,0,92340,249175,-4709,2393270,23700,13098,-1892,11207,0,498,35406,26385,9021,0,879753,9021,0,30380,-1144,1043,-11341,0,0,0,0,0,0,0,0,0,0,-61568,24,-33585,846168,0,0,16519,0,-365,0,0,0,0,0,0,0,0,0,0,0,0,0,0,0,0,0,0,0,0,0,0,7930693,2157662,-2573,0,0,0,0,2155089,1392357,30469,3004,202107,261278,0,-4348,1884865,83793,1801073,0,110056,189097,-4728,2095499,59590,13559,-439,13120,0,232,72942,24261,48681,0,825618,48681,0,-2155,-2780,9679,1023,0,0,0,0,0,0,0,0,0,0,-394,81,54135,879753,0,0,4350,0,-1965,0,0,0,0,0,0,0,0,0,0,0,0,0,0,0,0,0,0,0,0,0,0,6179119,1549357,-2570,0,0,0,0,1546787,830720,27921,2737,196814,257457,0,-4669,1310980,10000,1300980,0,91388,116849,2847,1512064,34723,11731,15723,27454,0,-818,61359,16534,44824,0,733386,44824,0,32645,-5260,6648,13459,0,0,0,0,0,0,0,0,0,0,-436,351,92232,825618,0,0,-37327,0,-870,0,0,0,0,0,0,0,0,0,0,0,0,0,0,0,0,0,0,0,0,0,0,5989834,1453335,-571,0,0,0,0,1452764,767245,23965,2111,186969,240233,0,-4681,1215841,4349,1211492,0,64942,114082,5249,1395766,56998,11731,2112,13844,0,708,71550,15125,56425,0,632661,56425,0,27060,2210,-1259,16697,0,0,0,0,0,0,0,0,0,0,-905,496,100726,733386
070909,00000,Blue Cross & Blue Shield of Florida Grp (G),8039,0,174261,0,-1383,0,0,592492,0,7293,49187,187959,59094,1681,897707,0,897707,0,0,0,0,897707,0,0,0,0,0,28234496,11865903,12119,2846,0,5169,0,11886037,6799630,95675,77577,604631,1933468,494037,17487,10022505,260274,9762231,0,324226,1270504,-22382,11334579,551458,86613,932,87545,0,-1019,637984,273255,364730,-2223,2125558,364730,0,-5067,0,-18775,101349,-3427,0,-2050,0,0,0,0,78968,0,0,0,-27344,488383,2613941,7390,15400,158437,0,19741,0,0,383336,0,4187,29176,110293,39767,415,567174,0,567174,0,0,0,0,567174,0,0,0,0,0,27308890,10665502,47633,2664,0,6149,0,10721948,6451804,95588,68473,542303,1692102,494728,4732,9349729,367233,8982496,12409,348484,1347987,-10204,10681173,40774,99143,34103,133246,0,-9686,164334,74283,90051,-58364,3753572,90051,0,-106814,-4327,-5533,6081,-3690,0,2050,0,0,0,0,0,0,0,-12000,-1593833,-1628014,2125558,6190,29419,97227,0,15678,0,0,134795,0,2072,10186,37771,20843,121,205788,0,205788,0,0,0,0,205788,0,0,0,0,0,24882267,8918898,-127836,2868,0,11211,0,8805141,4977752,86589,69859,421877,1273286,613094,6785,7449242,18373,7430868,14225,319621,963142,47700,8775557,29584,131647,28962,160609,0,-4696,185497,-78289,263785,27994,3137853,263785,0,51020,4313,53208,-59782,-3412,0,0,0,0,0,0,-251,0,0,0,9129,318009,3455862,5938,18557,83465,0,12664,0,0,169664,0,2911,12227,46975,27294,0,259070,0,259070,0,0,0,0,259070,0,0,0,0,0,23583806,8061176,83150,2671,0,12391,0,8159389,4578967,84491,72726,363531,1144654,594337,0,6838705,14939,6823765,8608,288754,918118,6907,8046153,113236,139905,21788,161693,0,41,274970,76034,198936,25310,2922105,198936,16233,19683,0,-4456,-22016,-1093,0,0,2730,0,0,0,0,0,0,0,0,210018,3132123
070914,00000,Blue Cross & Blue Shield of NC Group (G),0,0,151004,0,52541,0,0,0,34915,0,1741,0,0,0,36655,0,36655,0,13912,0,0,50568,0,0,0,0,0,21719849,7433252,-7301,0,0,0,31099,7457050,4776404,298435,0,466472,1218723,0,0,6760034,254553,6505481,0,468547,795147,-3565,7765610,-308560,117161,97576,214737,0,23363,-70460,-64750,-5710,-50937,2298315,-5710,18814,-85712,0,17014,-164596,0,0,0,0,0,0,0,0,0,0,0,-11075,-231265,2067050,0,0,161509,0,27048,0,0,0,18141,0,1957,0,0,0,20098,0,20098,0,14155,0,0,34253,0,0,0,0,0,22427397,7344345,-503,0,0,0,7954,7351796,4785681,284127,0,444599,1221768,0,0,6736175,252191,6483984,0,460093,776568,-4888,7715757,-363961,118956,50232,169188,0,23689,-171084,-33507,-137577,8006,2388533,-137577,83636,16482,0,18218,-29421,0,0,0,0,0,0,0,0,0,0,0,-41556,-90218,2298315,0,0,161383,0,15183,0,0,0,6410,0,379,0,0,0,6789,0,6789,0,2137,0,0,8926,0,0,0,0,0,20162345,5819892,-842,0,0,299,-3270,5816080,3627871,248810,0,290306,875307,0,520,5042814,6899,5035916,0,455082,406297,-46704,5850590,-34511,129929,28198,158127,0,25722,149338,-30723,180061,52874,2081004,180061,-27769,79106,0,-58838,177785,0,0,0,0,0,0,0,0,0,0,0,-42816,307528,2388533,0,0,149768,0,0,0,0,0,6323,0,21,0,0,0,6344,0,6344,0,2391,0,0,8735,0,0,0,0,0,18395481,5242403,5795,0,0,0,4101,5252299,3222285,197033,0,271565,841033,0,0,4531916,7919,4523998,0,342003,434256,-35122,5265135,-12836,105187,-3161,102027,0,27549,116739,27616,89123,47790,1816173,89123,1198,77366,0,11524,24880,0,0,0,65240,0,0,0,0,0,0,0,-4499,264832,2081004
070894,00000,Blue Cross & Blue Shield of SC Group (G),0,0,48174,0,-14678,0,0,0,0,0,0,0,0,0,0,0,0,0,0,0,0,0,0,0,0,0,0,19101626,2986758,-15707,0,0,28745,0,2999797,1376521,266951,49046,402344,504246,0,494,2599601,197075,2402526,0,109771,304073,42,2816412,183386,37544,40990,78534,0,-77455,184465,86532,97933,-16527,2166321,97933,0,35065,0,-7001,-13159,0,0,0,0,0,0,0,0,0,0,0,-26422,86415,2252736,0,39960,45339,0,26713,0,0,0,0,0,0,0,0,0,0,0,0,0,0,0,0,0,0,0,0,0,0,18000245,2913889,-73181,0,0,28753,0,2869460,1288508,264349,50876,324077,463349,0,0,2391160,141883,2249277,24750,124564,325790,8,2724389,145071,35404,-45070,-9666,0,-20432,114973,57647,57326,-13289,2153286,57326,0,51284,0,38467,-5642,0,0,0,0,0,0,0,0,0,0,0,-128400,13035,2166321,0,61362,45463,0,9121,0,0,0,0,0,0,0,0,0,0,0,0,0,0,0,0,0,0,0,0,0,0,17396029,2629198,23372,0,0,30160,0,2682730,1266688,231987,43931,285723,409362,0,0,2237692,98453,2139239,49094,131075,239545,-16,2558938,123792,49538,22986,72524,0,-28460,167856,65537,102319,20928,1961636,102319,0,59269,0,-20524,132094,0,0,0,0,0,0,0,0,0,0,0,-81509,191650,2153286,0,66841,40986,0,4017,0,0,0,0,0,0,0,0,0,0,0,0,0,0,0,0,0,0,0,0,0,0,18725460,2792786,9983,0,0,30469,0,2833238,1420354,260861,67850,276779,392188,0,0,2418032,121305,2296727,51518,148104,215557,115,2712022,121217,37473,8947,46419,0,-38869,128767,22583,106184,9238,1780787,106184,0,50274,0,-16715,32881,0,0,0,8224,0,0,0,0,0,0,0,1,180848,1961636
070915,00000,Blue Cross & Blue Shield of TN Group (G),0,0,178499,0,0,0,0,0,0,0,0,0,0,0,0,0,0,0,0,0,0,0,0,0,0,0,0,30681556,6786449,2103,0,0,0,0,6788551,4444022,628255,0,40127,816155,0,3572,5932131,140185,5791947,0,334686,693848,-6868,6813612,-25061,41910,2181,44091,0,314,19344,41800,-22456,0,1733531,-22456,0,-17289,0,18527,-38277,0,0,0,0,0,0,0,0,0,0,0,4556,-54938,1678593,0,0,166510,0,0,0,0,0,0,0,0,0,0,0,0,0,0,0,0,0,0,0,0,0,0,0,0,28017654,6067207,8438,0,0,0,0,6075645,3834681,530476,0,45560,729887,0,4575,5145178,101575,5043604,0,305924,628377,-4106,5973799,101846,38197,124851,163048,0,-20000,244895,117430,127464,0,1651423,127464,0,-43662,0,7676,19361,0,0,0,0,0,0,0,0,0,0,0,-28732,82107,1733531,0,0,143790,0,0,0,0,0,0,0,0,0,0,0,0,0,0,0,0,0,0,0,0,0,0,0,0,24029637,5357689,-1938,0,0,0,0,5355751,3311382,501867,0,41013,544107,0,1990,4400359,9253,4391106,0,273616,451588,-1885,5114426,241325,30921,44123,75044,0,-27000,289369,80626,208742,0,1514929,208742,0,-39453,0,39679,21387,0,0,0,-14604,0,0,0,0,0,0,0,-54070,161681,1676611,0,0,146665,0,0,0,0,0,0,0,0,0,0,0,0,0,0,0,0,0,0,0,0,0,0,0,0,22152100,5060836,14796,0,0,0,0,5075632,3127784,472317,0,44553,464127,0,2005,4110785,8602,4102184,0,275913,455624,5353,4839074,236558,33702,38960,72662,0,-28000,281219,94307,186912,0,1313477,186912,0,-53160,0,-23616,99416,0,0,0,7381,0,0,0,0,0,0,0,-15480,201452,1514929
060080,55433,Blue Cross and Blue Shield of Alabama,0,0,78994,0,8157,0,0,0,0,0,0,0,0,0,0,0,0,0,0,0,0,0,0,0,0,0,0,20234313,4813879,50843,0,0,0,0,4864722,2472531,593537,0,483873,1081164,0,3972,4635078,119249,4515829,0,141153,418433,0,5075415,-210694,40097,32244,72341,0,0,-138352,-99,-138253,0,1077384,-138253,0,-18963,0,-25399,41144,0,0,0,0,0,0,0,0,0,0,0,206264,64793,1142177,0,0,75774,0,3567,0,0,0,0,0,0,0,0,0,0,0,0,0,0,0,0,0,0,0,0,0,0,19776155,4554488,22668,0,0,0,0,4577156,2233885,578027,0,404844,908109,0,876,4125740,76932,4048808,0,134244,364535,0,4547588,29568,39392,13789,53181,0,0,82749,29962,52787,0,1243930,52787,0,-924,0,24677,-31202,0,0,0,0,0,0,0,0,0,0,0,-211883,-166546,1077384,0,0,67443,0,2353,0,0,0,0,0,0,0,0,0,0,0,0,0,0,0,0,0,0,0,0,0,0,19675991,4130973,-16912,0,0,0,0,4114061,2056471,530109,0,329843,756341,0,2632,3675396,-465,3675861,0,129167,254489,0,4059517,54544,37805,11397,49202,0,0,103746,34650,69096,0,1118865,69096,0,49348,0,511,78280,0,0,0,0,0,0,0,0,0,0,0,-72170,125065,1243930,0,0,61787,0,371,0,0,0,0,0,0,0,0,0,0,0,0,0,0,0,0,0,0,0,0,0,0,19618411,4082333,-4694,0,0,0,0,4077640,2100109,535369,0,293349,714106,0,2228,3645160,10,3645150,0,116176,214239,0,3975565,102075,40029,9216,49244,0,0,151319,36706,114612,0,991060,114612,0,16791,0,-73764,89692,0,0,0,13075,0,0,0,0,0,0,0,-32602,127804,1118865
020455,00000,Blue Cross and Blue Shield of MA Group (G),0,0,118553,0,-769,0,0,0,0,0,0,0,0,0,0,0,0,0,0,0,0,0,0,0,0,0,0,23818812,6792706,4710,0,0,0,0,6797416,4520484,392827,0,112228,1044187,0,166781,6236507,149117,6087390,0,288727,452116,0,6828233,-30817,65511,-13803,51708,0,1299,22190,7132,15058,-5543,1795419,15058,0,-32897,0,1656,-42300,0,0,0,0,0,0,0,0,0,0,0,-28687,-87170,1708249,0,0,138711,0,4780,0,0,0,0,0,0,0,0,0,0,0,0,0,0,0,0,0,0,0,0,0,0,23666668,6479646,21045,0,0,0,0,6500692,4288809,428355,0,112595,1000013,0,179333,6009106,142340,5866766,0,325666,427056,0,6619488,-118796,66590,44175,110765,0,7249,-783,-8732,7949,-14689,1971903,7949,0,-46968,0,-38342,-23346,0,0,0,0,0,0,0,0,0,0,0,-75776,-176484,1795419,0,0,127258,0,3176,0,0,0,0,0,0,0,0,0,0,0,0,0,0,0,0,0,0,0,0,0,0,22736671,6242807,41214,0,0,0,0,6284021,4246514,400271,0,110421,847999,0,155637,5760843,105651,5655192,0,309524,336505,0,6301221,-17200,64625,26188,90813,0,-1538,72075,2990,69085,9767,1817947,69085,0,44883,0,23937,143623,0,0,0,-297431,0,0,0,0,0,0,0,169860,153956,1971903,0,0,155879,0,3108,0,0,0,0,0,0,0,0,0,0,0,0,0,0,0,0,0,0,0,0,0,0,21571121,6351592,-54878,0,0,0,0,6296715,4213875,359793,0,109723,812701,0,148348,5644441,88267,5556174,0,317773,364511,0,6238458,58256,71730,31458,103188,0,2004,163448,-413,163861,15258,1626318,163861,0,75310,0,-361734,319770,0,0,0,10356,0,0,0,0,0,0,0,-15934,191629,1817947
064465,53589,Blue Cross Blue Shield of Arizona Inc,0,0,48603,0,3507,0,0,48546,39046,0,6897,0,0,0,94489,0,94489,0,0,0,0,94489,0,0,0,0,0,17576778,1978009,-2245,0,0,0,0,1975764,1115241,205518,0,119418,333522,0,2473,1776171,63085,1713086,0,141282,169368,2667,2026402,-50638,43637,6512,50149,0,-1253,-1742,-4355,2613,-17987,1030078,2613,0,-33838,0,2554,11443,0,0,0,0,0,0,0,0,0,0,0,-8647,-25875,1004203,0,0,44014,0,6488,0,0,38612,24590,0,2942,0,0,0,66144,0,66144,0,0,0,0,66144,0,0,0,0,0,16783979,1697347,9128,0,0,10000,0,1716475,963607,173972,0,93218,273785,0,412,1504994,38311,1466683,0,118663,149999,14910,1750256,-33781,30178,12049,42227,0,549,8995,4581,4415,-3995,1036294,4415,0,-7493,0,17532,37785,0,0,0,0,0,0,0,0,0,0,0,-58454,-6216,1030078,0,0,40737,0,3987,0,0,30467,20739,0,1196,0,0,0,52402,0,52402,0,0,0,0,52402,0,0,0,0,0,15661334,1522135,9776,0,0,0,0,1531911,815463,145428,0,68678,219856,0,338,1249763,26,1249737,0,115329,108827,0,1473893,58017,47826,7405,55231,0,-70,113178,28153,85025,20326,908474,85025,0,30355,0,-19190,-78396,0,0,0,0,0,0,0,0,0,0,0,110026,127820,1036294,0,0,39786,0,4243,0,0,26202,12782,0,1351,0,0,0,40335,0,40335,0,0,0,0,40335,0,0,0,0,0,15238983,1461657,-13261,0,0,0,0,1448396,806047,129239,0,61133,205807,0,69,1202295,14,1202281,0,129322,84922,0,1416526,31870,43647,9401,53048,0,69,84987,17322,67665,7744,890986,67665,0,21759,0,31669,72382,0,0,0,0,0,0,0,0,0,0,0,-175987,17488,908474
020262,00000,Blue Cross Blue Shield of Michigan Group (G),0,0,245342,0,37672,0,-1650,28412,1169,78504,4028,0,0,0,112114,0,112114,0,0,0,0,112114,0,0,0,0,0,24436753,10655548,58072,0,946,41661,0,10756227,7300432,202497,78504,180688,1412498,0,99743,9274363,198958,9075405,0,527741,1728097,0,11331243,-575016,162897,66203,229100,-1650,26663,-320903,5581,-326484,-29598,3340126,-326484,0,-51484,-3682,50844,11870,0,0,0,0,0,0,0,0,0,0,0,150523,-168414,3171712,0,0,248963,0,28116,12,280,24073,997,79055,3715,0,0,0,107840,0,107840,0,0,0,0,107840,0,0,0,0,0,24997043,10198472,186076,0,1428,53554,0,10439530,6865544,210933,79055,173295,1308801,0,123670,8761297,139727,8621570,0,549701,1431795,-249652,10353414,86115,153082,84740,237822,-268,17624,341294,29156,312138,-2145,3288724,312138,0,60486,-2910,-24424,-92651,0,0,0,-24364,0,0,0,0,0,0,0,-176873,51403,3340126,0,0,196859,0,21394,8,-617,24057,888,75151,3502,0,0,0,103598,0,103598,0,0,0,0,103598,0,0,0,0,0,24372645,9162241,84306,0,2221,55379,0,9304146,6295884,163342,75151,143469,1210447,0,104780,7993073,35684,7957389,0,466405,1102512,-52949,9473357,-169210,154919,35031,189950,-608,9004,29136,-3355,32491,-346,3060597,32491,0,116081,-1750,38620,-69437,0,0,0,0,0,0,0,0,0,0,0,112122,228126,3288724,0,0,196452,0,30404,10,383,21184,821,74308,3277,0,0,0,99589,0,99589,0,0,0,0,99589,0,0,0,0,0,24306951,8940281,53379,0,2700,52070,0,9048430,6115539,167857,74308,147817,1210025,0,103995,7819541,32044,7787497,0,449867,933080,-38914,9131531,-83100,177173,106029,283202,-373,-268,199460,34881,164579,0,2789652,164579,0,109652,0,29300,12833,0,0,0,0,0,0,0,0,0,0,0,-45418,270945,3060597
070913,00000,Blue Cross Blue Shield of Minnesota Grp (G),0,0,56627,0,2807,0,0,21941,2407,0,166,773,0,0,25288,0,25288,0,0,0,0,25288,0,0,0,0,0,10900018,4646070,6440,0,0,5970,15698,4674177,3383727,174015,770,104858,577170,0,14765,4255304,158501,4096803,0,351201,436659,-10500,4874163,-199986,70641,15807,86448,0,-18958,-132496,-9338,-123157,-11420,1284437,-123157,0,-576079,0,15516,531398,0,0,0,0,0,0,0,0,0,0,0,-3690,-156012,1128425,0,0,49383,0,5287,0,0,20802,2237,0,138,819,0,0,23995,0,23995,0,34052,40421,-300,98168,16898,0,16898,0,0,9788855,4078160,10162,0,0,9738,15119,4113179,2856600,132514,690,88021,489759,0,16728,3584312,90088,3494223,0,239809,399088,-12600,4120520,-7341,71104,33270,104373,0,-17673,79359,706,78653,-7592,1272538,78653,0,49364,0,-1757,-113051,0,0,0,0,0,0,0,10000,0,0,0,-11311,11899,1284437,0,0,57070,0,10814,0,0,21185,1520,0,168,488,0,0,23361,0,23361,0,0,0,-49316,-25955,0,0,0,0,0,10148641,4077859,10657,0,0,11197,14672,4114385,2806051,137024,925,120632,460305,0,24372,3549309,2363,3546947,0,282067,423139,-112928,4139225,-24840,66611,63060,129670,0,-15067,89763,-12620,102383,3913,1201475,102383,0,101846,0,-10709,-56897,0,0,0,-10440,0,0,0,0,0,0,-80000,24880,71063,1272538,0,0,49104,0,4729,0,0,22250,1051,0,146,698,0,0,24146,0,24146,0,0,0,0,24146,0,0,0,0,0,10172061,4010701,2670,0,0,13538,11399,4038307,2693432,136283,906,117998,485366,0,70694,3504678,2011,3502668,0,234126,325439,28880,4091114,-52806,64996,59494,124489,0,-14587,57096,8230,48866,7346,1161103,48866,0,12863,0,-1871,-41967,0,0,0,5960,0,0,0,15330,0,0,-90000,91190,40372,1201475
061788,00000,California Physicians' Service Group (G),0,0,0,0,0,0,0,0,0,0,0,0,0,0,0,0,0,0,0,0,0,0,0,0,0,0,0,14095067,14853743,0,0,0,420045,0,15273788,10128998,753148,4856,311,2068421,-72602,0,12883133,0,12883133,0,0,2239240,0,15122373,151415,215681,0,215681,0,0,367095,247139,119957,0,4335665,119957,0,-218559,0,0,0,0,0,0,0,0,0,0,-40081,0,0,0,-26616,-165300,4170365,0,0,0,0,0,0,0,0,0,0,0,0,0,0,0,0,0,0,0,0,0,0,0,0,0,0,0,33546978,13107180,0,0,0,136394,0,13243574,9033419,661922,7580,358,1750712,-331131,0,11122860,0,11122860,0,0,1879845,0,13002705,240869,249097,0,249097,0,0,489967,379374,110593,0,4293206,110593,0,62484,0,0,0,0,0,0,0,0,0,0,6141,0,0,0,-136762,42456,4335662,0,0,0,0,0,0,0,0,0,0,0,0,0,0,0,0,0,0,0,0,0,0,0,0,0,0,0,25968894,9587048,0,0,0,126310,0,9713358,6596772,433998,9348,359,1265777,122323,0,8428576,0,8428576,0,0,1209834,0,9638410,74948,182557,0,182557,0,-1086,256419,81890,174528,0,3993967,174528,0,10088,0,0,0,0,0,0,0,0,0,0,0,0,0,0,114623,299239,4293206,0,0,0,0,0,0,0,0,0,0,0,0,0,0,0,0,0,0,0,0,0,0,0,0,0,0,0,25992300,9201834,0,0,0,174593,0,9376428,6241979,426130,5194,340,1266670,114892,0,8055205,0,8055205,0,0,1164620,0,9219826,156602,192425,0,192425,0,0,349027,112993,236033,0,3714312,236033,0,-28683,0,0,0,0,0,0,0,0,0,0,0,0,0,0,72305,279655,3993967
020393,00000,Capital Blue Cross Companies (G),0,0,47184,0,0,0,0,16214,0,3569,0,0,0,0,19783,0,19783,0,338,9703,0,29824,33,0,33,0,-109,10420543,1803499,1153,0,6917,0,0,1811570,1151912,19192,3569,99592,181752,49630,316,1505963,6215,1499748,0,71112,268873,9983,1849715,-38146,23273,7161,30434,0,4220,-3492,13795,-17287,5710,838212,-17287,0,-51300,0,-6145,-9615,0,0,-550,0,0,0,0,0,0,0,-11400,23041,-73256,764957,0,0,53546,0,0,0,0,0,0,0,0,0,0,0,0,0,0,0,251,7492,0,7743,23,0,23,0,0,10320609,1891931,-3771,0,1836,0,0,1889997,1246503,17969,2872,98128,189251,38401,390,1593514,4043,1589471,0,78981,262967,4353,1935773,-45776,22898,31047,53946,0,6188,14358,20604,-6246,-11695,870325,-6246,0,926,0,50587,-27793,0,0,0,0,0,0,0,0,0,0,-1000,-48585,-32112,838212,0,0,52689,0,0,0,0,0,0,0,0,0,0,0,0,0,0,0,305,5568,0,5873,23,0,23,0,-6,10205242,1949123,573,0,1244,0,0,1950941,1367802,18969,4188,96834,201650,15550,465,1705457,0,1705457,0,75392,222187,-12643,1990394,-39453,26141,14209,40350,0,1514,2410,1740,670,17419,835296,670,0,25018,0,-27,52823,0,0,0,0,0,0,0,0,0,0,0,-43454,35029,870325,0,0,41129,0,0,0,0,10054,0,3686,0,0,0,0,13740,0,13740,0,248,4798,0,18786,25,0,25,0,0,10480117,2047464,2768,0,1249,0,0,2051481,1433878,21545,3686,106466,240872,8374,531,1815353,0,1815353,0,61887,216109,6901,2100250,-48769,26709,26508,53216,0,732,5179,1559,3620,6739,819021,3620,0,10625,0,-7488,26171,0,0,50000,6457,0,0,0,0,0,0,0,-73112,16274,835294
070916,00000,CareFirst Inc Group (G),0,0,161954,0,5144,0,0,94333,1,74613,2213,0,0,0,171160,0,171160,0,0,0,0,171160,0,0,0,0,0,25691374,8359070,-29352,0,0,31514,5193,8366426,4633860,489266,74613,169651,1674917,0,0,7042307,184428,6857880,0,393892,1110629,0,8362401,4025,46797,15630,62427,0,2254,68707,53315,15392,-9028,1472052,15392,0,-4194,0,5693,26552,0,0,0,0,0,0,0,0,0,0,0,-1827,41616,1513668,0,0,152597,0,6052,0,0,110506,2481,72203,3231,0,0,0,188420,0,188420,0,0,0,0,188420,9,0,9,0,0,24832459,7894081,62378,0,0,36900,5073,7998433,4465597,444815,72203,185613,1537240,0,0,6705468,55336,6650132,0,372845,1071050,0,8094027,-95594,47768,17171,64939,0,3921,-26734,-18089,-8645,1976,1491248,-8645,0,27399,0,86739,-44751,0,0,0,0,0,0,0,0,0,0,0,-79939,-19197,1472052,0,0,148224,0,13844,0,0,127242,5560,66459,2498,0,0,0,201760,0,201760,0,0,0,0,201760,0,0,0,0,0,23562955,7348849,51283,0,0,26659,3729,7430519,4228009,399909,66459,170797,1450697,0,0,6315871,0,6315871,0,345270,749445,0,7410586,19933,37841,40318,78159,0,2329,100420,16,100404,-3924,1469481,100404,0,-2353,0,-24366,32913,0,0,0,-7082,0,0,0,0,0,0,0,-77748,21768,1491248,0,0,130217,0,14472,0,0,114968,4930,39946,795,0,0,0,160639,0,160639,0,0,0,0,160639,0,0,0,0,0,24223615,7208010,-29725,0,0,20364,3039,7201688,4503463,203712,39946,111725,1370223,0,0,6229069,0,6229069,0,327661,700656,0,7257386,-55698,43791,41892,85683,0,-1422,28563,1888,26676,7946,1475573,26676,0,59302,0,-57634,65987,0,0,0,-123070,0,0,0,0,0,0,0,22647,-6092,1469481
070853,00000,CareSource Group (G),0,0,94011,0,0,0,0,0,0,0,0,0,0,0,0,0,0,0,0,0,0,0,0,0,0,0,0,15819251,6773090,-4632,0,0,21040,0,6789498,4113559,27486,0,308298,1333251,0,4417,5787012,49517,5737495,0,108519,781836,0,6627850,161648,19645,4119,23764,0,0,185411,714,184697,0,749441,184697,0,-5409,0,0,-850,0,0,0,0,0,0,0,26350,0,-2432,0,0,202356,951797,0,0,75704,0,0,0,0,0,0,0,0,0,0,0,0,0,0,0,0,0,0,0,0,0,0,0,0,13475134,5597142,0,0,0,10717,0,5607859,3476241,35160,0,250244,980683,0,3981,4746308,16425,4729883,0,98118,643786,0,5471787,136071,20239,3699,23938,0,0,160009,0,160009,0,606421,160009,0,-2520,0,0,-17019,0,0,0,0,0,0,0,5000,0,0,0,-2451,143020,749441,0,0,62968,0,0,0,0,0,0,0,0,0,0,0,0,0,0,0,0,0,0,0,0,0,0,0,0,11200810,4154067,0,0,0,7866,0,4161932,2561953,38766,0,201469,697368,0,1953,3501509,12440,3489069,0,78756,479854,0,4047678,114255,17741,2904,20645,0,0,134900,0,134900,0,536398,134900,0,10222,0,0,1060,0,0,0,0,0,0,0,-300,0,-2405,-70000,-3453,70023,606421,0,0,56558,0,0,0,0,0,0,0,0,0,0,0,0,0,0,0,0,0,0,0,0,0,0,0,0,10851256,3682585,0,0,0,20885,0,3703471,2268739,38603,0,196748,624566,0,3576,3132232,6745,3125487,0,69729,406043,0,3601259,102211,12882,1384,14266,0,0,116477,0,116477,0,416625,116477,0,4993,0,0,-5001,0,0,0,0,0,0,0,5114,0,-1216,0,0,120367,536992
070918,00000,Centene Corporation Companies (G),0,0,53666,0,95,218,3268,64424,14851,16565,12836,117,0,0,108792,0,108792,0,70080,243840,0,422713,0,0,0,-268,0,102883214,33357760,-16986,1007,128477,1211065,0,34681322,20703454,3260056,22833,1356766,4402046,124149,95305,29964611,65829,29898782,0,516220,3626586,-66621,33974967,706356,79026,54,79080,-3050,4683,787070,454408,332661,-206,3135290,332661,0,-3723,0,6909,-96865,0,0,0,0,-9999,0,0,893316,0,10000,-375662,-1566,755071,3890361,0,0,67925,0,101,0,1237,71224,18229,15410,13246,152,0,0,118261,0,118261,0,2436,0,0,120697,0,0,0,0,0,87746303,26297209,-68621,1305,107694,947660,0,27285247,17947034,1740900,21271,860784,3232297,-150487,49334,23701132,49860,23651272,0,417101,2934437,149964,27152774,132473,56637,271,56908,-1237,9737,197881,244513,-46632,720,2499962,-46632,0,2932,0,64894,-160817,0,0,0,0,0,0,0,846096,0,0,-96712,27241,637001,3136963,0,0,51150,0,825,0,0,62084,13903,18259,9330,107,0,0,103683,0,103683,0,2770,148648,0,255101,0,0,0,0,0,76549750,20074398,-37948,1455,109778,701368,0,20849052,13736890,1154862,23950,687029,2527433,172398,26065,18328627,10633,18317994,0,339154,2215274,-77443,20794980,54072,71382,1540,72923,0,-67,126928,36024,90904,-220,2294737,90904,0,414,0,6541,20700,0,0,-48300,0,10002,0,0,350555,0,0,-176000,-52591,202225,2496962,0,0,44271,0,2329,0,2,48280,16529,18162,7107,202,0,0,90281,0,90281,0,1861,156160,0,248303,0,0,0,0,1243,73327435,18579263,3396,1962,108598,251896,0,18945117,12797355,945263,24862,636056,2436891,184516,9379,17034323,15522,17018801,0,272729,1935787,98696,19326013,-380896,84326,4325,88651,-2,192,-292055,-60743,-231312,-564,1951961,-231312,0,-1048,0,6045,-17450,0,0,-7000,1419,30,0,0,684935,0,0,-155000,57292,337911,2289872
070892,00000,Delta Dental of California Group (G),0,0,9476,0,0,0,0,0,0,96,0,0,0,0,96,0,96,0,0,0,0,96,0,0,0,0,0,275886089,4572680,-943,0,0,-37290,0,4534448,3920100,18169,96,0,0,6,0,3938371,341147,3597224,0,83005,731066,0,4411296,123152,26161,-1263,24898,-32,4424,152443,12350,140093,0,949437,140093,0,5143,0,-317,-3260,0,-3,0,0,0,0,0,0,0,0,0,-19906,121750,1071187,0,0,7326,0,0,0,0,0,15824,342,0,0,0,0,16166,0,16166,0,64,5199,0,21430,95,0,95,0,0,243502229,4215439,-643,0,888,-3497,0,4212187,3616370,15828,338,0,0,541,0,3633077,310656,3322421,0,74388,715918,0,4112727,99460,26404,105,26509,-245,-842,124883,9728,115155,0,816996,115155,0,1996,0,-1,-1233,0,-2,0,0,1350,0,0,1889,0,0,0,13287,132441,949437,0,0,9795,0,0,15,88,0,0,212,0,0,0,0,212,0,212,0,14,2497,0,2724,42,0,42,0,0,206204618,3695990,756,0,328,-34176,0,3662897,3028253,9354,212,0,0,326,34067,3072212,218983,2853229,0,59345,639655,0,3552229,110668,19781,622,20403,-24,-1654,129393,8932,120461,0,659538,120461,0,14949,0,-1480,3912,0,0,-2000,0,0,0,0,0,0,0,0,21616,157458,816996,0,0,10868,0,0,0,0,0,0,263,0,0,0,0,263,0,263,0,-18,2392,0,2638,34,0,34,0,0,217160839,3930743,4,4327,301,-40261,0,3895113,3597310,8575,277,0,0,282,32136,3638579,546594,3091985,0,69524,665823,0,3827332,67781,18894,1563,20457,0,-6487,81751,-324,82075,0,552408,82075,0,1715,0,-442,3729,0,-4,0,0,0,0,0,800,0,0,-212,19469,107130,659538
020434,00000,EmblemHealth Group (G),0,0,211635,0,295,1018,8105,49703,0,0,0,0,0,0,49703,0,49703,0,0,0,0,49703,0,0,0,0,0,29503590,7726327,20031,0,8194,0,0,7754552,5437130,206188,0,40835,1124234,33692,67426,6909506,81493,6828013,0,326835,847613,-124925,7877535,-122983,15497,10488,25985,-7087,5715,-98369,12143,-110513,0,900014,-110513,0,-3695,0,-2917,-34065,0,0,0,0,0,0,0,0,0,0,0,-9469,-160659,739354,0,0,248399,0,138,175,4694,31465,0,0,0,0,0,0,31465,0,31465,0,0,0,0,31465,0,0,0,0,0,29608955,8434218,75786,0,6960,73,0,8517037,5577492,582350,0,195412,1159552,34406,59907,7609118,57978,7551140,0,366181,936941,190619,9044882,-527844,33913,27727,61641,-4519,4034,-466689,18605,-485293,0,1586743,-485293,0,-175436,0,4153,-3378,38,0,0,0,0,0,0,0,0,0,-16800,20958,-655760,930983,0,0,242285,0,1027,233,1339,27390,0,0,0,0,0,0,27390,0,27390,0,0,0,0,27390,0,0,0,0,0,30395838,9953243,48730,0,1860,16,0,10003849,5660612,1215621,0,463021,1159711,28595,71333,8598893,14847,8584046,0,427537,832791,12459,9856834,147016,27337,-4102,23236,-1106,-4071,165074,16779,148295,0,1454196,148295,0,-60851,0,-1698,19213,633,0,0,0,0,0,0,55662,0,0,-27500,6047,139801,1593997,0,0,99693,0,279,609,1559,27423,0,0,0,0,0,0,27423,0,27423,0,0,0,0,27423,0,0,0,0,0,30922019,9998480,-19180,0,1668,4,0,9980971,5746624,1197231,0,455135,1187172,32674,41691,8660525,10854,8649671,0,308958,845213,54474,9858316,122655,34636,13447,48082,-949,-7461,162328,11037,151291,0,1367462,151291,0,8901,0,1090,-19899,2069,0,0,-3582,0,0,0,1000,0,0,-24800,-31528,84542,1452004
060082,55107,Excellus Health Plan Inc,0,0,76440,0,0,0,0,0,0,0,0,0,0,0,0,0,0,0,0,0,0,0,0,0,0,0,0,15072460,5968826,-45660,0,0,0,0,5923166,3517329,187875,0,199265,1025717,202062,13807,5146056,23246,5122810,0,191862,585097,0,5899768,23398,19549,75616,95165,0,0,118563,60641,57923,-6628,1157627,57923,0,-168364,0,-19278,13919,0,0,0,0,0,0,0,0,0,0,0,17593,-98207,1059419,0,0,66889,0,0,0,0,0,0,0,0,0,0,0,0,0,0,0,0,0,0,0,0,0,0,0,0,16200096,5937256,6768,0,0,0,0,5944024,3625277,181025,0,199617,972352,203324,38242,5219836,0,5219836,0,220216,570246,-11000,5999297,-55273,18918,96251,115169,0,0,59896,35706,24190,-1286,1352620,24190,0,-15852,0,-44245,6284,0,0,0,0,0,0,0,0,0,0,0,-165371,-194994,1157627,0,0,58730,0,0,0,0,0,0,0,0,0,0,0,0,0,0,0,0,0,0,0,0,0,0,0,0,19385845,6289316,1127,0,0,0,0,6290443,4113181,194020,0,225993,924495,219868,17322,5694880,0,5694880,0,228887,472515,-32900,6363381,-72939,13581,125308,138889,0,0,65950,13393,52557,6554,1282486,52557,0,21025,0,46459,119404,0,0,0,0,0,0,0,0,0,0,0,-169311,70134,1352620,0,0,76587,0,0,0,0,0,0,0,0,0,0,0,0,0,0,0,0,0,0,0,0,0,0,0,0,19368830,5988787,12046,0,0,0,0,6000833,4087929,132882,0,125272,788994,135899,7588,5278563,0,5278563,0,226431,407794,43900,5956689,44145,16384,68823,85206,0,-25292,104059,-1684,105743,16923,1263577,105743,0,-14446,0,-64136,-24209,0,0,0,0,0,0,0,0,0,0,0,15958,18909,1282486
070960,00000,Group Health Cooperative of Puget Sound (G),398250,0,33867,0,0,0,0,0,0,5028,51,0,0,0,5078,0,5078,0,0,0,0,5078,0,0,0,0,0,6097570,3221133,-10184,-12249,-23209,1255,-197,3176550,2236331,10057,5028,157514,381925,1603,13092,2805550,26358,2779191,0,56616,257183,0,3092991,83559,38835,4784,43619,0,173,127351,7561,119790,0,813474,119790,0,-29334,0,-412,383,0,0,0,0,0,0,0,-117,0,0,0,-24458,65852,879326,376743,0,38234,0,0,0,0,0,0,4869,48,0,0,0,4918,0,4918,0,0,0,0,4918,0,0,0,0,0,6211189,3235632,-6413,-19259,-14555,2492,-242,3197655,2257409,9406,4869,155220,346437,1288,13148,2787779,25322,2762456,0,67911,290186,0,3120552,77102,38882,21285,60167,0,164,137433,12612,124822,0,803527,124822,0,-3858,0,-228,8997,0,0,0,0,0,0,0,-140,0,0,0,-141021,-11428,792099,342936,0,47140,0,0,0,0,0,0,5375,81,0,0,0,5456,0,5456,0,0,0,0,5456,0,0,0,0,0,6519042,3283180,-20900,-34207,20825,5621,-139,3254379,2324154,3492,5375,142605,333841,2112,29954,2841532,284,2841248,0,82965,255396,0,3179609,74771,29809,6596,36405,0,58,111234,-410,111644,0,431260,111644,0,74776,0,-2534,90676,0,0,0,0,0,0,0,-121,0,0,0,97825,372266,803527,295953,0,48767,0,0,0,0,0,0,3964,276,0,0,0,4241,0,4241,0,0,0,0,4241,0,0,0,0,0,7025353,3248488,15915,-17022,1181,7514,8,3256084,2386270,9470,3964,155960,365317,1349,6263,2928593,176,2928417,0,86614,293379,-15462,3292948,-36864,22743,10697,33440,0,99,-3325,-2946,-379,0,482475,-379,0,13260,0,7065,-14169,0,0,-5,0,0,0,0,-121,0,0,0,-56867,-51214,431260
070929,00000,Health Care Service Corp Health Group (G),0,0,769075,0,9107,0,0,0,0,0,0,0,0,0,0,0,0,0,0,0,0,0,0,0,0,0,0,124527739,32542557,20569,0,0,0,818,32563944,24381689,0,0,0,5750121,0,242624,30374434,1012683,29361752,-2995,1003027,3126665,-466253,33022195,-458251,206040,16308,222348,0,1588,-234316,5187,-239502,-14946,9942246,-239502,0,-115948,0,-162185,-97706,0,0,0,0,0,0,0,0,0,0,0,118049,-497293,9444954,0,0,695621,0,19839,0,0,0,0,0,0,0,0,0,0,0,0,0,0,0,0,0,0,0,0,0,0,118676433,28654137,101230,0,0,0,0,28755367,21165690,0,0,0,4489896,0,221654,25877239,962861,24914379,0,1096266,2860963,347520,29219129,-463761,120562,81262,201825,0,14647,-247289,84169,-331458,85439,10271633,-331458,0,-42095,0,154323,-21095,0,0,0,0,0,0,0,0,0,0,0,-89061,-329387,9942246,0,0,500298,0,0,0,0,333,6,50,10,0,0,0,400,0,400,0,0,0,0,400,0,0,0,0,0,104511220,22913397,235221,0,0,863,0,23149482,16334474,183,1441,292,3140351,0,234400,19711140,50688,19660452,0,751783,1675190,299593,22387018,761613,116745,860,117606,0,3283,882502,253160,629343,0,9555966,629343,0,192093,0,55134,203282,0,0,0,-91300,0,0,0,3900,0,0,0,-276784,715667,10271633,0,0,408651,0,0,0,0,67,1,19,2,0,0,0,89,0,89,0,0,0,0,89,0,0,0,0,0,99010926,21134567,-32527,0,0,841,0,21102881,14820819,30,539,59,2833032,0,212558,17867038,52693,17814344,0,713211,1527140,11828,20066523,1035592,73104,30537,103641,0,-9894,1129339,121155,1008184,0,8910868,1008184,0,40624,0,-2106693,1718364,0,0,0,0,0,0,0,2201,0,0,0,-17583,645098,9555966
070930,00000,HealthPartners Inc Group (G),0,0,40939,0,0,0,0,7270,0,0,0,0,0,0,7270,0,7270,0,0,0,0,7270,0,0,0,0,0,11913362,2898208,0,594452,0,76655,0,3569315,2571167,183125,0,0,432501,0,0,3186793,13626,3173167,0,55199,277127,0,3505493,63822,10060,4543,14603,0,0,78425,45,78380,0,908630,78380,0,-6091,0,-1189,328980,0,0,0,0,0,0,0,0,0,0,0,-370581,29499,938129,0,0,41896,0,0,0,0,4148,0,0,0,0,0,0,4148,0,4148,0,0,0,0,4148,0,0,0,0,0,10207798,2731893,0,565413,0,84705,0,3382011,2421026,168502,0,0,397448,0,0,2986976,10721,2976255,0,55008,281554,0,3312817,69194,11029,2095,13124,0,0,82318,13657,68661,0,846369,68661,0,812,0,1555,-18216,0,0,0,0,0,0,0,0,0,0,0,9449,62261,908630,0,0,40948,0,0,0,0,3807,0,0,0,0,0,0,3807,0,3807,0,0,0,0,3807,0,0,0,0,0,9273522,2604677,0,531270,0,76184,0,3212131,2293616,160135,0,0,351005,0,0,2804756,0,2804756,0,53439,257297,0,3115492,96639,9130,1725,10855,0,0,107494,-2468,109962,0,709143,109962,0,10776,0,-1239,-50429,0,0,0,0,0,0,0,0,0,0,0,68156,137226,846369,0,0,26675,0,0,0,0,4062,0,0,0,0,0,0,4062,0,4062,0,0,0,0,4062,0,0,0,0,0,9642936,2655642,0,511025,0,61705,0,3228372,2308573,151404,0,0,343734,0,0,2803711,0,2803711,0,52244,241436,0,3097391,130981,8781,3345,12126,0,0,143107,2358,140749,0,616862,140749,0,2444,0,-2432,65065,0,0,0,-25800,20000,0,0,0,0,0,0,-107745,92281,709143
070895,00000,Highmark Health Companies (G),0,0,265177,0,1745,0,754,181661,0,0,0,0,9295,0,190956,7290,183667,0,10327,174,0,194168,-12,0,-12,0,0,65407261,13856536,-37379,0,77501,99239,43,13995940,9899058,356667,0,78179,2319834,173011,80657,12907407,192408,12714999,0,560207,1132721,-4632,14403295,-407355,74162,142937,217099,-754,-447105,-638116,-118809,-519307,-46554,4981375,-519307,0,-50240,0,-56512,57101,0,0,16000,0,0,0,0,4500,0,0,0,-28073,-576531,4404844,0,0,261683,0,4579,0,620,180646,0,0,0,0,9328,0,189974,573,189401,0,5946,174,0,195522,-4,0,-4,0,0,70261738,14189653,24371,0,76964,131693,4,14422685,10052800,338045,0,75844,2159799,201130,86430,12914048,167384,12746664,0,523940,1205542,2773,14478919,-56234,89249,92125,181374,-620,-399364,-274844,8607,-283451,-120891,5398949,-283451,0,-155171,-4786,-122594,106535,0,0,0,0,0,0,0,8500,0,0,0,-72548,-523516,4875433,0,0,216181,0,131,0,662,166560,0,0,0,0,10383,0,176943,2872,174071,0,6641,176,0,180889,-19,0,-19,0,0,68392477,13973413,3864,0,0,172136,26,14149439,9784052,304728,0,67100,1870415,214914,52690,12293899,-101793,12395693,0,460572,1018262,-137364,13737162,412276,130859,107885,238744,-662,-523707,126652,29672,96981,-102150,5071342,96981,0,7125,0,-113195,565154,0,0,0,0,-3,0,0,7676,0,0,0,-236518,327219,5398561,0,0,214879,0,2446,0,56,230977,0,0,0,0,0,0,230977,18321,212656,0,7126,201,0,219982,-13,0,-13,0,0,81557874,13964397,-18189,0,0,3686,96,13949990,9982410,309619,0,72928,1812941,76132,38591,12292621,22008,12270613,0,442752,944226,-17275,13640317,309674,145150,149868,295018,-56,-308351,296284,47975,248309,18647,4931334,248309,0,169517,-4839,-20803,-191405,0,0,0,-36304,0,0,0,-12000,0,0,0,-12467,140007,5071342
070932,00000,Horizon Healthcare Services Companies (G),0,0,191861,0,4461,0,0,0,0,0,0,0,0,0,0,0,0,0,1657,2284,0,3941,0,0,0,0,0,29882643,11016530,-93544,0,0,0,0,10922986,5988025,867633,370984,288409,1837913,0,9612,9362576,77910,9284667,0,375407,1231988,0,10892061,30925,121765,17740,139505,0,440,170870,69563,101306,-16820,2230234,101306,0,-244176,0,2871,19170,0,0,0,0,0,0,0,0,0,0,0,196503,75675,2305909,0,0,149640,0,7112,0,0,0,0,0,0,0,0,0,0,0,0,0,1383,2003,0,3386,0,0,0,0,0,28525550,10003833,1476,0,0,0,0,10005309,5739443,705196,375651,246307,1494651,0,7278,8568525,56700,8511825,0,335010,1181675,0,10028510,-23201,125024,25653,150678,0,1200,128677,40421,88255,-7210,2212038,88255,0,61254,0,5572,-129131,0,0,0,0,0,0,0,0,0,0,0,-7754,18196,2230234,0,0,120645,0,9211,0,0,0,0,0,0,0,0,0,0,0,0,0,0,0,0,0,0,0,0,0,0,28345019,9454057,45369,0,0,0,0,9499425,5788736,437653,497811,212022,1301066,0,4199,8241487,0,8241487,0,315390,909864,0,9466741,32684,483496,62728,546224,0,85,578993,21409,557584,5547,2111140,557584,0,-315735,0,15489,-172572,0,0,0,0,20,0,0,40,0,0,0,16071,100898,2212038,0,0,125476,0,431,0,0,0,0,0,0,0,0,0,0,0,0,0,0,0,0,0,0,0,0,0,0,34278802,9052419,6341,0,0,0,0,9058760,5709042,229119,396759,180812,1261423,0,-272,7776882,0,7776882,0,335176,867161,0,8979219,79541,115522,29282,144804,0,0,224345,21194,203152,12294,1973204,203152,0,41854,0,-11763,-33174,0,0,0,-66274,0,0,0,0,0,0,0,-59,133736,2106940
070970,00000,Humana Health Companies (G),0,377,1562059,0,43680,0,0,3545086,46797,0,341182,20,0,0,3933086,0,3933086,0,0,0,0,3933086,0,0,0,0,0,205933161,51128691,446073,0,0,123,0,51574887,33870833,1634620,0,1774307,7324700,-6052,22164,44620571,1209365,43411206,26,2003285,5177340,213922,50805780,769107,245105,87473,332579,0,17417,1119103,734512,384590,0,5759265,384590,0,-15977,0,404749,-666663,0,0,-2400,0,0,0,0,1231750,0,0,-430800,-326101,579148,6338412,0,485,1393042,-103,7484,0,0,3437139,58811,0,115040,0,0,0,3610990,0,3610990,0,0,0,0,3610990,0,0,0,0,0,194053296,45343813,15892,0,0,319,0,45360024,29520295,1455001,0,1165079,6342309,713,13149,38496546,1018518,37478028,301,1801838,4793759,-12479,44061446,1298578,275777,13850,289627,0,45978,1634184,796694,837490,-2051,5144479,837490,0,-35990,0,14973,173330,0,0,0,0,0,0,0,463514,0,0,-918130,70564,605751,5750230,0,505,632828,131,7489,0,0,1103314,9696,0,28097,0,0,0,1141108,0,1141108,0,0,0,0,1141108,0,0,0,0,0,62545780,38404585,36533,0,0,21778,0,38462896,29033295,251830,0,531765,1760991,11155,1208,31590244,77126,31513117,376,743117,4667915,75289,36999815,1463080,288981,3512,292494,0,18391,1773966,614313,1159653,-2623,4638654,1159653,0,-15421,0,24419,-32690,0,0,0,0,2,0,0,279060,0,0,-888000,-17028,509995,5148649,0,421,539313,-195,10507,0,0,658040,6305,13256,23963,906,0,0,702470,0,702470,0,0,0,0,702470,0,0,0,0,0,62912005,35787239,-4481,0,0,2448,0,35785205,27158829,259383,14259,367446,1601530,28571,-4477,29425541,-10122,29435663,338,654231,4187719,72765,34350716,1434489,286190,11780,297970,0,16955,1749415,662608,1086807,-4534,4462542,1086807,0,-2134,0,59791,-78508,0,0,0,51588,1638,0,0,297373,0,0,-1209900,1085,207741,4670283
070982,00000,Independence Blue Cross Group (G),0,0,173023,0,10067,0,0,265295,0,0,4818,0,0,0,270112,-53671,323784,0,0,0,0,323784,0,0,0,0,0,28425195,12974666,-8419,0,-22,0,9,12966234,8634139,968893,44525,185320,1158575,212361,64444,11268258,169827,11098431,0,373569,1516434,32704,13021138,-54904,41012,22939,63950,0,0,9046,100079,-91033,-6834,1814554,-91033,0,-15637,0,45657,-107961,0,0,-1315,0,1,0,0,185140,0,0,-43716,-167284,-196149,1618405,0,0,134786,0,29530,0,0,176565,0,0,5438,0,0,0,182003,22698,159305,0,0,0,0,159305,5,0,5,0,0,28624495,12263086,8962,0,9519,7017,9,12288593,8902005,437822,43516,173449,798696,208738,57115,10621342,139980,10481361,0,328327,1401312,-8960,12202041,86552,121352,60489,181841,0,-2112,266281,89915,176366,-18984,2320184,176366,0,-145733,0,-43317,120172,0,0,0,0,1,0,0,113470,0,0,-187072,-539517,-505630,1814554,0,0,136752,0,33900,0,0,96867,0,0,2759,0,0,0,99626,827,98799,0,0,0,0,98799,0,0,0,0,0,25538580,10262390,-796,0,47811,354,4,10309763,7566965,363586,37727,129439,843970,112281,30482,9084449,64585,9019865,0,329882,991705,-33963,10307489,2273,87664,67555,155219,0,3820,161312,25546,135766,3102,2066284,135766,0,11868,0,6599,-12467,0,0,0,0,0,0,0,17850,0,0,-12000,106283,253900,2320184,0,0,119660,0,11615,0,0,83371,0,0,2326,0,0,0,85697,-387,86084,0,0,0,0,86084,0,0,0,0,0,23086817,9680186,7099,0,0,449,3437,9691171,7190168,262926,36654,75652,685655,63951,12925,8327932,-36293,8364225,0,291872,916263,-1236,9571124,120048,64386,23299,87685,0,4366,212099,78093,134006,22908,1948151,134006,0,61754,0,-31182,98318,0,0,0,0,0,0,0,20541,0,0,0,-165305,118133,2066284
070936,00000,Kaiser Foundation Group of Health Plans (G),0,0,91452,0,9,935,32917,0,0,0,0,0,0,0,0,0,0,0,0,0,0,0,0,0,0,0,0,120644551,67438539,7963,708216,132791,3532036,0,71819545,37773467,7253695,382659,1298608,1704672,16866717,52,65279871,63993,65215878,0,207491,4798104,-48698,70172775,1646770,181319,-15722,165597,-31982,34481,1814867,5490,1809377,0,21600512,1809377,0,-24495,0,-634,133606,0,0,143000,6863,0,0,0,175008,0,0,0,2298024,4540749,26141261,0,0,94431,0,20,648,10008,0,0,0,0,0,0,0,0,0,0,0,52172,239485,0,291656,0,0,0,0,0,113366973,62658963,-2224,663085,79525,3323773,0,66723122,35144856,6560654,373192,1142775,1450924,15287788,1067,59961256,40389,59920866,0,235274,4543610,58321,64758071,1965051,961695,-1508,960187,-9360,30387,2946265,5655,2940610,0,24301719,2940610,0,15348,0,460,-95801,0,0,354000,0,0,0,0,11,0,0,0,-5915835,-2701207,21600512,0,0,109416,0,28,0,0,0,0,0,69907,0,0,0,69907,0,69907,0,160562,65637,0,296106,0,0,0,0,0,109211168,58728239,654,686971,41558,3346759,0,62804181,34492534,6599328,421488,1089936,1215391,14290908,6015,58115599,0,58115599,0,309752,2814006,-1421,61237936,1566245,1063899,2785,1066684,0,28391,2661320,2402,2658918,0,15561905,2658918,0,5785,0,-460,328,0,0,58000,-105387,0,0,0,-1,0,0,0,6122631,8739814,24301719,0,0,74059,0,165,0,0,0,0,0,69377,0,0,0,69377,0,69377,0,123333,70662,0,263372,0,0,0,0,0,107160661,56289771,-4375,517615,10917,3188214,0,60002142,33127689,5541518,417904,1992955,1028044,13420064,823,55528996,0,55528996,0,273309,2613736,313,58416354,1585788,977713,13149,990862,0,27870,2604520,5471,2599049,0,13688515,2599049,0,35990,0,712,-36050,0,0,193000,0,0,0,0,0,0,0,0,-919311,1873390,15561905
064652,00000,Local Initiative Health Authority of LA,0,0,0,0,0,0,0,0,0,0,0,0,0,0,0,0,0,0,0,0,0,0,0,0,0,0,0,21011058,6241461,0,0,0,377400,0,6618861,957885,4242901,0,0,426312,210609,0,5837706,0,5837706,0,0,255852,0,6093559,525302,1833,0,1833,0,0,527135,254270,272865,0,220075,272865,0,0,0,0,0,0,0,0,0,0,0,0,0,0,0,0,0,272865,492940,0,0,0,0,0,0,0,0,0,0,0,0,0,0,0,0,0,0,0,0,0,0,0,0,0,0,0,16705268,3968672,0,0,0,329318,0,4297990,514202,2931876,0,0,283888,188583,0,3918549,0,3918549,0,0,176825,0,4095374,202616,623,0,623,0,0,203239,159108,44131,0,175943,44131,0,0,0,0,0,0,0,0,0,0,0,0,0,0,0,0,0,44131,220075,0,0,0,0,0,0,0,0,0,0,0,0,0,0,0,0,0,0,0,0,0,0,0,0,0,0,0,13652686,2526274,0,0,0,246972,0,2773246,255216,2060412,0,0,165802,54441,0,2535871,0,2535871,0,0,115767,0,2651638,121608,407,0,407,0,0,122015,85330,36685,0,139258,36685,0,0,0,0,0,0,0,0,0,0,0,0,0,0,0,0,0,36685,175943,0,0,0,0,0,0,0,0,0,0,0,0,0,0,0,0,0,0,0,0,0,0,0,0,0,0,0,12425542,1797334,0,0,0,174540,0,1971874,197111,1479866,0,0,125082,60467,0,1862526,0,1862526,0,0,89414,0,1951941,19934,929,0,929,0,0,20863,32320,-11457,0,150715,-11457,0,0,0,0,0,0,0,0,0,0,0,0,0,0,0,0,0,-11457,139258
070997,00000,Louisiana Health Services Group (G),0,0,38570,0,4727,0,0,0,0,0,0,0,0,0,0,0,0,0,0,0,0,0,0,0,0,0,0,10007614,3140440,-595,0,0,0,0,3139845,2145638,0,0,0,666358,0,8007,2820003,88469,2731534,0,111207,416696,11730,3271167,-131322,33230,-9694,23536,0,34892,-72894,6543,-79436,-10795,1145280,-79436,0,-19700,0,23651,-9657,0,0,0,0,0,0,0,0,0,0,0,19995,-65148,1080132,0,0,36417,0,9387,0,0,0,0,0,0,0,0,0,0,0,0,0,0,0,0,0,0,0,0,0,0,9338368,2904374,13274,0,0,0,0,2917648,1969567,0,0,0,543279,0,4148,2516993,67977,2449016,0,103261,381024,-111,2933190,-15542,35602,24487,60089,0,34595,79142,27550,51591,-4687,1102397,51591,0,-8744,0,-9163,13708,0,0,0,0,0,0,0,0,0,0,0,-4510,42883,1145280,0,0,34492,0,13823,0,0,0,0,0,0,0,0,0,0,0,0,0,0,0,0,0,0,0,0,0,0,8835399,2647841,5491,0,0,0,0,2653332,1726387,0,0,0,462133,-46,167,2188640,4532,2184108,0,103638,283945,-114,2571577,81755,29586,29360,58946,0,33482,174183,57538,116645,7823,992457,116645,0,10336,0,287,344,0,0,0,-40598,0,0,0,0,0,0,0,22926,109940,1102397,0,0,29748,0,4657,0,0,0,0,0,0,0,0,0,0,0,0,0,0,0,0,0,0,0,0,0,0,8841142,2607319,-13192,0,0,0,0,2594127,1741250,0,0,0,447906,6315,0,2195470,7858,2187612,0,89142,267117,-545,2543326,50801,34784,12815,47599,0,31799,130198,39210,90988,8432,873800,90988,0,11055,0,-1208,-1459,0,0,0,0,0,0,0,0,0,0,0,19281,118657,992457
070102,00000,Medco Containment Group (G),0,0,20180,0,0,0,289,0,0,0,0,0,0,0,0,0,0,0,0,0,0,0,0,0,0,0,0,6956481,760096,0,0,0,0,0,760096,0,0,0,0,602379,0,0,602379,-81185,683563,0,21246,-55265,0,649545,110552,220,0,220,-2959,-1211,106601,42033,64568,0,440781,64568,0,0,0,2915,-7634,0,0,0,0,0,0,0,500,0,0,-50000,0,10349,451130,0,0,26834,0,0,0,2075,0,0,0,0,0,0,0,0,0,0,0,0,0,0,0,0,0,0,0,0,7130317,805001,0,0,0,0,0,805001,0,0,0,0,662280,0,0,662280,-86374,748654,0,28252,-61273,0,715633,89367,217,0,217,-2075,-1271,86239,33485,52753,0,398614,52753,0,0,0,-1077,3098,0,0,0,0,0,0,0,10000,0,0,0,-18816,45958,444572,0,0,12625,0,0,0,-1241,0,0,0,0,0,0,0,0,0,0,0,0,0,0,0,0,0,0,0,0,6258434,762748,0,0,0,0,0,762748,0,0,0,0,620069,0,0,620069,-27258,647327,0,12744,-66671,0,593400,169348,110,0,110,-1523,-483,167452,59058,108394,0,292498,108394,0,0,0,6019,-19296,0,0,0,0,0,0,0,11000,0,0,0,0,106117,398614,0,0,7763,0,0,0,2584,0,0,0,0,0,0,0,0,0,0,0,0,0,0,0,0,0,0,0,0,6985825,765445,0,0,0,0,0,765445,0,0,0,0,664131,0,0,664131,0,664131,0,8174,17120,0,689424,76020,78,0,78,-2584,2,73516,25532,47984,0,244380,47984,0,0,0,-388,522,0,0,0,0,0,0,0,0,0,0,0,0,48117,292498
070902,00000,Medica Holding Companies (G),0,0,7574,0,0,0,0,76837,0,0,5277,6600,0,10,88724,0,88724,0,0,0,0,88724,0,0,0,0,0,6941054,3631104,-430,0,0,3039,0,3633712,2578789,23226,0,179355,433815,0,5488,3220674,16242,3204432,0,48462,348035,-800,3600129,33583,25907,-6745,19162,0,0,52745,22078,30667,700,784137,30667,0,2497,0,6221,1020,0,0,0,0,500,0,0,-500,0,0,0,0,40404,824541,0,0,6506,0,0,0,0,57092,0,0,4116,4413,0,0,65621,0,65621,0,0,0,0,65621,0,0,0,0,0,6708203,3416056,-1400,0,0,0,0,3414656,2345493,22831,0,161049,398613,0,6603,2934588,7792,2926796,0,46440,321370,-8600,3286006,128650,24861,3184,28045,0,0,156695,29267,127428,0,686730,127428,0,4287,0,-14912,-357,0,0,0,0,0,0,0,0,0,0,-20000,0,96446,783176,0,0,5663,0,0,0,0,57082,0,0,3637,4466,0,0,65185,0,65185,0,0,0,0,65185,0,0,0,0,0,6928120,3242438,0,0,0,0,0,3242438,2370319,19742,0,141972,361389,0,7947,2901369,-3982,2905352,0,36601,300122,-14000,3228075,14364,23244,2713,25957,0,0,40321,11710,28611,0,700297,28611,0,2309,0,-110,-39376,0,0,0,0,0,0,0,15000,0,0,-20000,0,-13567,686730,0,0,5746,0,0,0,0,51921,0,0,2247,3906,0,-44,58030,0,58030,0,0,0,0,58030,0,0,0,0,0,6638293,2975541,0,0,0,0,0,2975541,2166763,18756,0,131000,320159,0,1335,2638013,-3611,2641624,0,40921,285398,-17200,2950742,24798,20126,4532,24657,0,0,49456,7592,41864,0,667916,41864,0,123,0,8686,-18292,0,0,0,0,0,0,0,0,0,0,0,0,32381,700297
020468,00000,Medical Mutual of Ohio Group (G),0,0,21190,0,650,0,0,0,0,0,0,0,0,0,0,0,0,0,0,0,0,0,0,0,0,0,0,12680152,2399704,-9,0,0,0,0,2399695,1282335,108647,13961,210727,344336,0,4631,1964639,68396,1896243,0,63709,289951,28600,2278503,121192,32613,-1508,31105,0,-1308,150989,32652,118337,-2252,1279902,118337,0,-44520,0,-24470,22484,0,0,0,0,0,0,0,0,0,0,0,1107,72938,1352840,0,0,22635,0,1240,0,0,0,0,0,0,0,0,0,0,0,0,0,0,0,0,0,0,0,0,0,0,12944225,2397868,172,0,0,0,0,2398040,1334886,115016,15421,248711,318561,0,5303,2037899,63939,1973960,0,63624,292889,0,2330473,67568,31139,1285,32424,0,-4035,95956,18958,76998,0,1221804,76998,0,-27026,0,10260,776,0,0,0,0,0,0,0,1535,0,0,0,-4445,58097,1279902,0,0,29111,0,855,0,0,0,0,0,0,0,0,0,0,0,0,0,0,0,0,0,0,0,0,0,0,13733104,2595055,-3,0,0,0,0,2595052,1381953,118871,20050,262129,306758,0,3319,2093080,-78703,2171783,0,69363,263462,-4294,2500314,94738,30836,1321,32156,0,2258,129152,22185,106967,0,1133561,106967,0,-21820,0,3291,10464,0,0,0,0,0,0,0,0,0,0,0,-10658,88244,1221804,0,0,31895,0,149,0,0,0,0,0,0,0,0,0,0,0,0,0,0,0,0,0,0,0,0,0,0,13907047,2542468,-1844,0,0,0,0,2540624,1403939,121878,25855,264366,299293,0,2749,2118079,-71924,2190003,0,74148,250590,-3024,2511717,28907,32051,-4711,27340,0,164,56411,6086,50325,0,1120901,50325,0,-26153,0,-36446,25482,0,0,0,-2830,0,0,0,0,0,0,0,2282,12660,1133561
020326,00000,Molina Healthcare Group (G),0,0,362427,0,115,0,0,0,0,65585,0,0,0,0,65585,0,65585,0,0,208422,0,274006,0,0,0,0,-63,38836310,13927992,51807,0,0,270521,6,14250326,8094633,538463,534031,1034311,1592658,5123,20297,11819516,3619,11815897,0,400909,1666544,0,13883349,366976,13941,214,14155,0,-9572,371560,197718,173841,-16,970537,173841,0,325,0,64581,-261407,0,0,0,0,0,0,0,535699,0,0,-125000,-548,387490,1358027,0,0,241517,0,94,0,0,0,0,2140,0,0,0,0,2140,0,2140,0,0,159168,0,161308,0,0,0,0,-110,27414487,9723770,-279183,0,0,285215,1,9729802,5447818,331970,433850,590458,1255234,6054,14213,8079597,-40606,8120203,0,270746,1161271,0,9552221,177581,5335,175,5509,0,-653,182438,103235,79202,44,672323,79202,0,792,0,9182,-54864,0,0,0,0,0,0,0,262733,0,0,0,1169,298214,970537,0,0,145178,0,86,0,0,0,0,0,0,0,0,0,0,0,0,0,0,0,0,0,0,0,0,0,0,21760735,6551460,0,0,0,177918,-2,6729375,3691021,198679,239463,398449,913627,57723,21044,5520005,-57564,5577569,0,167552,868070,-345,6612846,116529,3651,159,3810,0,1379,121718,43843,77875,41,561191,77875,0,494,0,14077,-117901,0,0,0,0,0,0,0,150021,0,0,-11000,-938,112628,673819,0,0,121522,0,103,0,0,59037,8651,0,3981,0,0,0,71669,0,71669,0,2618,0,0,74287,0,0,0,0,0,21661281,5975509,0,-28,0,143284,0,6118766,3177388,312569,655512,224878,835632,36780,10204,5252964,10461,5242503,0,140097,666889,4995,6054484,64282,3974,190,4165,0,-188,68259,27227,41032,0,529997,41032,0,421,0,-6157,8905,0,0,0,402,0,0,0,76079,0,0,-77577,0,43104,573101
064713,00000,Orange Prevention & Trtmt Int Med Assist,0,0,0,0,0,0,0,0,0,0,0,0,0,0,0,0,0,0,0,0,0,0,0,0,0,0,0,8548616,3236594,0,0,0,5905,0,3242500,1965782,7382,0,0,345152,482842,0,2801158,0,2801158,0,0,88829,0,2889988,352512,3252,0,3252,0,0,355764,124649,231115,0,400310,231115,0,0,0,0,0,0,0,0,-4382,0,0,0,0,0,0,0,0,226733,627043,0,0,0,0,0,0,0,0,0,0,0,0,0,0,0,0,0,0,0,0,0,0,0,0,0,0,0,6314582,2002025,0,0,0,5420,0,2007445,1317018,13233,0,0,250459,57472,0,1638183,0,1638183,0,0,80155,0,1718338,289106,2089,0,2089,0,0,291195,102817,188378,0,206811,188378,0,0,0,0,0,0,0,0,5121,0,0,0,0,0,0,0,0,193499,400310,0,0,0,0,0,0,0,0,0,0,0,0,0,0,0,0,0,0,0,0,0,0,0,0,0,0,0,5293562,1743201,0,0,0,5965,0,1749167,1141576,11705,0,0,172027,281449,0,1606758,0,1606758,0,0,83030,0,1689788,59379,297,0,297,0,0,59676,4599,55077,0,155975,55077,0,0,0,0,0,0,0,0,880,0,0,0,0,0,0,0,0,55957,211932,0,0,0,0,0,0,0,0,0,0,0,0,0,0,0,0,0,0,0,0,0,0,0,0,0,0,0,5224913,1493078,0,0,0,5439,0,1498516,1097098,9800,0,0,188419,100891,0,1396209,0,1396209,0,0,70061,0,1466270,32247,2329,0,2329,0,0,34576,31040,3535,0,153320,3535,0,0,0,0,0,0,0,0,0,0,0,0,0,0,0,0,0,3535,156855
070993,00000,Premera Companies (G),0,0,91385,0,0,0,0,156877,0,0,21160,0,0,0,178037,0,178037,0,0,0,0,178037,0,0,0,0,0,11173997,3871739,59105,0,0,0,0,3930844,2747870,0,0,365260,462961,0,200,3576290,146554,3429737,0,195738,383780,-1654,4007600,-76756,38173,45194,83367,0,-2781,3829,21731,-17902,-13248,1415270,-17902,0,-25432,0,510,18443,0,0,0,0,0,0,0,0,0,0,0,-2469,-26849,1388421,0,0,111535,0,0,0,0,139687,0,0,20024,0,0,0,159711,0,159711,0,0,0,0,159711,0,0,0,0,0,10319431,3524881,-16474,0,0,0,0,3508407,2349730,0,0,329110,367886,0,201,3046926,106810,2940117,0,230449,315208,9656,3495430,12977,30841,32453,63294,0,-64,76206,27414,48792,10790,1359948,48792,0,35171,0,20651,-7141,0,0,0,0,0,0,0,0,0,0,0,-42150,55322,1415270,0,0,93266,0,0,0,0,131217,0,0,17120,0,0,0,148336,0,148336,0,0,0,0,148336,0,0,0,0,0,9708205,3045860,6483,0,0,0,0,3052343,2020184,0,0,255359,298128,0,283,2573954,4905,2569049,0,183236,246176,-2976,2995485,56858,31228,50955,82183,0,-8110,130930,28026,102904,38423,1160416,102904,0,79596,0,19454,-80369,0,0,0,0,0,0,0,0,0,0,0,77947,199532,1359948,0,0,85214,0,0,0,0,121066,0,0,16446,0,0,0,137512,0,137512,0,0,0,0,137512,0,0,0,0,0,9958054,3030400,30154,0,0,0,0,3060555,2068182,0,0,272986,302731,0,289,2644187,10327,2633860,0,174380,210580,-4890,3013929,46625,37076,16325,53401,0,4471,104498,12996,91502,25139,972742,91502,0,59268,0,-7560,133195,0,0,0,-90623,0,0,0,0,0,0,0,1892,187674,1160416
020353,00000,Regence Group (G),0,0,183742,-18,3148,0,701,113252,14859,9016,25187,31212,0,0,193527,0,193527,0,0,0,0,193527,0,0,0,0,0,15748783,5410436,-17060,0,0,0,0,5393376,2668920,348599,198658,626764,754577,0,3677,4601196,67436,4533759,0,417324,516649,5544,5473276,-79900,107207,8895,116102,-701,-4350,31150,14215,16936,-17659,2200640,16936,0,-51860,514,-963,18645,0,0,0,0,0,0,0,0,0,0,0,-33000,-49729,2150911,0,0,163821,0,35644,0,79,119138,15074,9070,24606,33827,0,0,201715,0,201715,0,0,0,0,201715,0,0,0,0,0,16487506,5413154,35576,0,0,0,0,5448729,2776890,354913,197367,601624,801661,0,6039,4738494,58548,4679946,0,391071,545859,1157,5618032,-169303,63255,136642,199898,-79,-6003,24512,-14143,38655,2397,2251771,38655,0,-28228,-4762,-14694,17898,0,0,0,0,0,0,0,0,0,0,0,-60000,-51131,2200640,0,0,157716,0,12992,66,177,121928,16763,8838,22381,31044,0,25,200979,0,200979,0,0,0,0,200979,0,0,0,0,0,18131360,5872671,17006,0,0,0,0,5889677,3003635,411651,198522,593207,790177,0,2028,4999220,-879,5000099,0,406200,505835,178,5912312,-22635,77541,56561,134102,-377,-8862,102227,18557,83670,26398,2070686,83670,0,60883,-904,-5740,30804,0,0,0,0,0,0,0,0,0,0,0,12372,181085,2251771,0,0,151822,0,14307,0,1153,111832,15273,8519,18877,26462,0,35,180997,0,180997,0,0,0,0,180997,0,0,0,0,-8,17983512,5710379,2598,0,0,0,0,5712976,2920441,393844,181566,529903,714134,0,1822,4741710,-7280,4748990,0,423179,505726,353,5678247,34729,90788,50451,141239,-1153,-9194,165621,23522,142100,12254,1881148,142100,0,26874,494,-22738,77553,0,0,0,3019,0,0,0,0,0,0,0,-37764,189537,2070685
064877,00000,Solano-Napa-Yolo Commission on Med Care,0,0,0,0,0,0,0,0,0,0,0,0,0,0,0,0,0,0,0,0,0,0,0,0,0,0,0,4343862,2251163,0,0,0,287,0,2251450,747500,490495,0,0,206948,364383,0,1809326,0,1809326,0,0,79422,0,1888748,362701,330,0,330,0,0,363031,95618,267413,0,414060,267413,0,0,0,0,0,0,0,0,0,0,0,0,0,0,0,0,0,267413,681473,0,0,0,0,0,0,0,0,0,0,0,0,0,0,0,0,0,0,0,0,0,0,0,0,0,0,0,4343862,1614463,0,0,0,310,0,1614773,506454,358834,0,0,154486,294726,0,1314500,0,1314500,0,0,64340,0,1378839,235934,276,0,276,0,0,236210,58190,178021,0,236039,178021,0,0,0,0,0,0,0,0,0,0,0,0,0,0,0,0,0,178021,414060,0,0,0,0,0,0,0,0,0,0,0,0,0,0,0,0,0,0,0,0,0,0,0,0,0,0,0,2479504,928880,0,0,0,485,0,929365,278047,229318,0,0,94156,201617,0,803139,0,803139,0,0,46149,0,849287,80077,408,0,408,0,0,80485,18519,61966,0,174073,61966,0,0,0,0,0,0,0,0,0,0,0,0,0,0,0,0,0,61966,236039,0,0,0,0,0,0,0,0,0,0,0,0,0,0,0,0,0,0,0,0,0,0,0,0,0,0,0,2498141,906248,0,0,0,1084,0,907332,287677,226690,0,0,89085,194750,0,798203,0,798203,0,0,38583,0,836786,70546,439,0,439,0,0,70985,19539,51446,0,122628,51446,0,0,0,0,0,0,0,0,0,0,0,0,0,0,0,0,0,51446,174073
070897,00000,TheWellCare Group of Companies (G),0,0,96920,0,0,0,0,0,0,0,0,0,0,0,0,0,0,0,0,0,0,0,0,0,0,0,0,42941836,12226969,0,0,0,13,0,12226982,6874118,494172,0,631943,2332105,0,240,10332578,18247,10314331,0,230011,1203023,0,11747365,479617,8493,-31,8462,0,-1509,486570,240556,246015,0,1029733,246015,0,0,0,-12930,37288,2343,0,0,0,601,0,0,43699,0,0,-70000,3910,250926,1280659,0,0,122238,0,0,0,0,0,0,0,0,0,0,0,0,0,0,0,0,0,0,0,0,0,0,0,0,42229417,10901440,0,0,0,4,0,10901444,6233300,401774,0,592942,2315695,0,-460,9543251,70365,9472886,0,284536,998797,0,10756218,145225,5771,203,5974,0,0,151199,107990,43209,0,962128,43209,0,0,0,-331,21111,3295,0,0,0,1,0,0,40479,0,0,-44000,3842,67605,1029733,0,0,114589,0,0,0,0,0,0,0,0,0,0,0,0,0,0,0,0,0,0,0,0,0,0,0,0,33000444,8639719,0,0,0,9,0,8639728,5232144,162923,42219,445976,1623945,0,1314,7508522,123889,7384632,0,255917,748278,-55000,8333827,305901,4467,1563,6030,0,0,311931,89488,222443,0,851895,222443,0,0,0,8433,-43639,-5815,0,-12709,0,0,0,0,53500,0,0,-122000,10020,110233,962128,0,0,108155,0,12,0,0,0,0,0,0,0,0,0,0,0,0,0,0,0,0,0,0,0,0,0,0,32403746,7420511,0,0,0,200,0,7420711,4253228,290052,42149,383283,1583365,0,697,6552774,268657,6284117,0,230011,705424,55000,7274552,146160,4952,158,5111,0,-8187,143083,71205,71878,0,835262,71878,0,0,0,18778,-45195,0,0,-24542,0,1900,0,0,150716,0,0,-157000,99,16633,851895
070875,00000,Tufts Associated Health Plans Group (G),0,0,58398,0,0,0,0,0,0,0,0,0,0,0,0,0,0,0,0,0,0,0,0,0,0,0,0,7833152,4129205,-20215,0,0,0,0,4108990,2843687,43343,0,126640,558843,17736,23176,3613425,5607,3607818,0,114458,327995,-5467,4044805,64185,21216,-26454,-5239,0,-19304,39642,-824,40466,0,765026,40466,0,-17671,0,0,-45572,0,0,0,0,14470,0,0,-5160,0,0,0,0,-13467,751559,0,0,63180,0,0,0,0,0,0,0,0,0,0,0,0,0,0,0,0,0,0,0,0,0,0,0,0,7758599,4135763,78,0,0,0,0,4135841,2955556,39888,0,86808,535527,21544,30965,3670288,1828,3668460,0,118559,301677,-7651,4081045,54796,20824,23164,43988,0,-19306,79477,-1563,81040,0,715442,81040,0,-24641,0,0,-6815,0,0,0,0,-249000,0,0,249000,0,0,0,0,49584,765026,0,0,64144,0,0,0,0,0,0,0,0,0,0,0,0,0,0,0,0,0,0,0,0,0,0,0,0,7480052,3816028,0,0,0,0,0,3816028,2809432,45301,0,84407,451312,23088,13278,3426819,614,3426205,0,112453,258155,18339,3815151,877,20579,-23831,-3252,0,679,-1696,744,-2441,0,661823,-2441,0,125331,0,0,-69271,0,0,0,0,0,0,0,0,0,0,0,0,53619,715442,0,0,63302,0,0,0,0,0,0,0,0,0,0,0,0,0,0,0,0,0,0,0,0,0,0,0,0,7544656,3734089,0,0,0,0,0,3734089,2689008,44146,0,95368,425204,18948,28360,3301035,-12,3301047,0,108354,264662,-195,3673869,60220,23015,-20820,2196,0,672,63088,1160,61928,0,532760,61928,0,29142,0,0,39663,0,0,0,0,0,0,0,0,0,0,0,-1852,128880,661640
070852,00000,UCare Group (G),0,0,43932,0,0,19,188,11116,96877,25911,3379,0,1130,0,138414,0,138414,0,0,0,0,138414,0,0,0,0,0,5997730,3571177,0,0,0,25,-1497,3569705,1606492,1020253,25928,183744,420407,1130,629,3258583,8094,3250489,0,77448,185666,52377,3565980,3725,14193,881,15075,-170,-25,18605,0,18605,0,540001,18605,0,-5250,0,0,2746,0,0,0,0,0,0,0,0,0,0,0,0,16101,556103,0,0,39210,0,0,33,174,12761,85434,23854,3003,0,0,0,125052,0,125052,0,0,0,0,125052,0,0,0,0,0,5076444,3143611,0,0,0,-16452,-8,3127151,1420629,842403,23856,153242,348586,0,15760,2804476,1910,2802566,0,68588,166066,5244,3042464,84687,11681,969,12651,-141,-4,97193,0,97193,0,452710,97193,0,-1062,0,0,-8839,0,0,0,0,0,0,0,0,0,0,0,0,87291,540001,0,0,30282,0,0,13,235,11076,75420,21752,2037,0,0,0,110285,0,110285,0,0,0,0,110285,0,0,0,0,0,3740471,2499741,0,0,0,-27518,0,2472223,1212034,669215,21759,99766,237232,0,15379,2255385,2559,2252826,0,50150,134459,-38,2437397,34826,6347,979,7326,-222,-12,41918,0,41918,0,400735,41918,0,10525,0,0,-467,0,0,0,0,0,0,0,0,0,0,0,0,51976,452710,0,0,25996,0,0,17,248,10039,69416,40769,2164,0,0,0,122388,0,122388,0,0,0,0,122388,0,0,0,0,0,3476325,2313838,0,0,0,-17897,0,2295940,1134017,594181,40783,74942,216008,0,15790,2075720,2343,2073377,0,44214,116084,22,2233698,62243,5751,2407,8158,-231,0,70169,0,70169,0,324933,70169,0,5337,0,0,295,0,0,0,0,0,0,0,0,0,0,0,0,75801,400735
070980,00000,UnitedHealth Group Incorporated (G),0,0,1385627,-40,24002,2057,-7881,1600504,9251,0,107725,163573,0,5693,1886747,8991,1877757,0,15152,41070,-17,1933962,0,0,0,0,0,170891121,71579635,-91513,202,0,52460,0,71540784,51608097,1110973,5135,1175868,6438221,219302,315929,60873525,2071170,58802355,0,2507323,6694364,132775,68136817,3403967,204800,42718,247518,-21299,2226,3632411,1669108,1963303,24,7990024,1963303,0,53,0,81641,-58354,-2,0,0,0,999,0,0,1102136,0,0,-1919681,-27164,1142929,9132954,0,-2,1096793,60,13739,477,-4330,1341881,3201,0,111466,166705,0,1075,1624330,55,1624275,0,132970,303741,17,2061003,0,0,0,0,0,150592839,58581678,-246744,563,0,51906,75922,58463326,42278070,1054218,1936,941150,5509903,111997,232040,50129314,2345552,47783762,27,1963419,5365000,74420,55186628,3276698,213724,24455,238180,-11649,-87286,3415943,1521237,1894705,15,8428303,1894705,0,-784363,5,-43164,130875,0,0,0,0,0,0,-5556,364850,0,0,-1921800,-74834,-439281,7989022,0,18,867722,-211,24240,523,3125,1638660,11591,0,116427,163710,0,6586,1936974,457953,1479021,0,14118,32961,0,1526100,0,0,0,0,-10,158746166,51938851,26474,2519,0,64111,0,52031956,39597536,1189909,4513,1105281,6619128,188956,185588,48890910,5092419,43798491,82,1528963,4117676,35808,49481020,2550936,183595,42579,226174,-7440,-823,2768846,949675,1819171,-1,6637430,1819171,0,-4335,-2,27589,-76308,0,0,-10000,1358,0,0,0,78459,0,0,-927871,25530,933589,7571019,0,0,874581,-276,20133,1374,3998,1890647,14798,0,137926,172317,0,4829,2220518,523835,1696683,0,13931,48062,0,1758676,0,0,0,0,0,154520711,48701764,26881,826,0,76681,1016,48807169,37401655,1258637,36903,1163853,6214811,284230,211896,46571985,6567252,40004733,176,1457533,4004433,18413,45485288,3321881,213543,35781,249323,-5098,-5699,3560407,1216026,2344381,-2,6958487,2344381,0,-38457,-1,63466,-184584,0,538,1321,11346,1750,0,0,-208840,0,0,-2292621,-18283,-319984,6638503
070966,00000,Vision Service Plan Group (G),295747,0,0,0,3316,0,282,0,0,0,0,0,0,0,0,0,0,0,0,0,0,0,0,0,0,0,0,296942683,2417750,0,59479,13463,243416,0,2734108,0,2072873,0,0,0,0,0,2072873,0,2072873,0,22175,382775,0,2477823,256285,5502,6159,11661,-282,0,267664,59795,207869,-8806,1144220,207869,0,-72626,0,-15,51225,0,0,0,0,0,0,0,0,0,0,-139600,12750,59601,1203821,267048,0,0,0,2178,0,393,0,0,0,0,0,0,0,0,0,0,0,0,0,0,0,0,0,0,0,0,284074324,2235052,0,57624,8401,150190,0,2451267,0,1938318,0,0,0,0,0,1938318,0,1938318,0,19037,335888,0,2293242,158025,6425,4044,10469,-393,-4118,163983,53715,110267,-2573,1105176,110267,0,-44404,0,1047,55159,0,0,0,0,0,0,0,0,0,0,-58000,-25027,39043,1144220,233852,0,0,0,2008,0,136,0,0,0,0,0,0,0,0,0,0,0,0,0,0,0,0,0,0,0,0,237967885,1981356,0,49495,1751,221323,0,2253925,0,1736103,0,0,0,0,0,1736103,0,1736103,0,15684,320832,0,2072619,181306,5873,3843,9716,-136,-1890,188996,32504,156492,2440,978471,156492,16041,1037,0,-5962,15704,0,0,0,0,0,0,0,0,0,0,-74100,17493,126706,1105176,217664,0,0,0,709,5,119,0,0,0,0,0,0,0,0,0,0,0,0,0,0,0,0,0,0,0,0,247591517,1908829,0,44598,4610,244841,0,2202878,0,1681499,0,0,0,0,0,1681499,0,1681499,0,13668,290082,-5259,1979989,222888,7065,1317,8382,-122,-30305,200843,27829,173014,1840,879535,173014,0,39026,0,-933,-42161,0,0,0,0,0,0,0,0,0,0,-85599,13864,97211,976746
064437,00000,Wellmark Group (G),0,0,28414,0,17158,2829,3082,0,0,0,0,0,0,0,0,0,0,0,0,0,0,0,0,0,0,0,0,18883712,3602459,-13432,0,0,0,245,3589272,2189085,289537,81006,122129,480484,0,10805,3173045,31338,3141707,0,112962,409743,-8400,3656012,-66741,51397,30682,82079,-253,-313,14773,-1755,16528,-14506,1359749,16528,0,-21299,-5302,3,-15813,0,0,0,0,0,0,0,0,0,0,0,-11884,-37767,1321982,0,0,37413,0,15662,1210,1490,0,0,0,0,0,0,0,0,0,0,0,0,0,0,0,0,0,0,0,0,18672780,3409875,11751,0,0,0,245,3421871,2223384,186117,26413,33050,480050,0,7263,2956278,19100,2937178,0,111082,415953,11000,3475213,-53343,51518,34174,85692,-280,-99,31971,15340,16631,-10599,1393818,16631,0,-10828,-9135,4444,-6957,0,0,0,0,0,0,0,0,0,0,0,-28224,-34069,1359749,0,0,46268,0,25813,184,850,0,0,0,0,0,0,0,0,0,0,0,0,0,0,0,0,0,0,0,0,18648624,3314945,-1451,0,0,0,245,3313739,2110578,175095,24840,31116,435030,0,15404,2792064,188,2791876,0,107057,304603,0,3203536,110204,51565,60862,112427,-329,-13448,208853,35296,173557,11811,1231216,173557,0,19360,1134,-26828,33723,0,0,0,0,0,0,0,0,0,0,0,-38344,162602,1393818,0,0,50774,0,13986,319,453,0,0,0,0,0,0,0,0,0,0,0,0,0,0,0,0,0,0,0,0,18644359,3291064,-11741,0,0,0,245,3279568,2129160,169046,24789,30907,426395,0,19510,2799808,-1298,2801106,0,127835,270577,0,3199518,80050,46535,43554,90088,-134,-11268,158737,18420,140317,8216,1084270,140317,0,15721,747,-9184,75,0,0,0,83,0,0,0,0,0,0,0,-813,146946,1231216
