,,,#NAME?,,,,,,,,,,,,,,,,,,,,,,,,,,,,,,,,,,,,,,,,,,,,,,,,,,,,,,,,,,,,,,,,,,,,,,,,,,,,,,,,,,,,,,,,,,,,,,,,,,,,,,,,,,,
,,,,,,,,,,,,,,,,,,,,,,,,,,,,,,,,,,,,,,,,,,,,,,,,,,,,,,,,,,,,,,,,,,,,,,,,,,,,,,,,,,,,,,,,,,,,,,,,,,,,,,,,,,,,,,
,,,2015,,,,,,,,,,,,,,,,,,,,,,,,,,,2014,,,,,,,,,,,,,,,,,,,,,,,,,,,2013,,,,,,,,,,,,,,,,,,,,,,,,,,,2012,,,,,,,,,,,,,,,,,,,,,,,,,,
,,,SF05352,SF05353,SF05354,SF05355,SF05356,SF05357,SF05358,SF05359,SF05360,SF05361,SF05362,SF05363,SF08471,SF08472,SF08473,SF08474,SF05366,SF05367,SF05368,SF05369,SF05370,SF05371,SF05372,SF05373,SF05374,SF05375,SF05376,SF05352,SF05353,SF05354,SF05355,SF05356,SF05357,SF05358,SF05359,SF05360,SF05361,SF05362,SF05363,SF08471,SF08472,SF08473,SF08474,SF05366,SF05367,SF05368,SF05369,SF05370,SF05371,SF05372,SF05373,SF05374,SF05375,SF05376,SF05352,SF05353,SF05354,SF05355,SF05356,SF05357,SF05358,SF05359,SF05360,SF05361,SF05362,SF05363,SF08471,SF08472,SF08473,SF08474,SF05366,SF05367,SF05368,SF05369,SF05370,SF05371,SF05372,SF05373,SF05374,SF05375,SF05376,SF05352,SF05353,SF05354,SF05355,SF05356,SF05357,SF05358,SF05359,SF05360,SF05361,SF05362,SF05363,SF08471,SF08472,SF08473,SF08474,SF05366,SF05367,SF05368,SF05369,SF05370,SF05371,SF05372,SF05373,SF05374,SF05375,SF05376
AMB#,NAIC#,Company Name,Iris  1 - gross prem to surplus,Iris  1 - fail flag,Iris  2 - net prem to surplus,Iris  2 - fail flag,Iris  3 - chg in net writings,Iris  3 - fail flag,Iris  4 - surplus aid to surplus,Iris  4 - fail flag,Iris  5 - 2-yr overall oper ratio,Iris  5 - fail flag,Iris  6 - investment yield,Iris  6 - fail flag,Iris  7 - gross change phs,Iris  7 - fail flag,Iris  8 - net change adj phs,Iris  8 - fail flag,Iris  9 - liab to liquid assets,Iris  9 - fail flag,Iris 10 - agents' bal to surplus,Iris 10 - fail flag,Iris 11 - 1-yr res dev to surplus,Iris 11 - fail flag,Iris 12 - 2-yr res dev to surplus,Iris 12 - fail flag,Iris 13 - est cur res def to surp,Iris 13 - fail flag,Iris fails - # of val out of range,Iris  1 - gross prem to surplus,Iris  1 - fail flag,Iris  2 - net prem to surplus,Iris  2 - fail flag,Iris  3 - chg in net writings,Iris  3 - fail flag,Iris  4 - surplus aid to surplus,Iris  4 - fail flag,Iris  5 - 2-yr overall oper ratio,Iris  5 - fail flag,Iris  6 - investment yield,Iris  6 - fail flag,Iris  7 - gross change phs,Iris  7 - fail flag,Iris  8 - net change adj phs,Iris  8 - fail flag,Iris  9 - liab to liquid assets,Iris  9 - fail flag,Iris 10 - agents' bal to surplus,Iris 10 - fail flag,Iris 11 - 1-yr res dev to surplus,Iris 11 - fail flag,Iris 12 - 2-yr res dev to surplus,Iris 12 - fail flag,Iris 13 - est cur res def to surp,Iris 13 - fail flag,Iris fails - # of val out of range,Iris  1 - gross prem to surplus,Iris  1 - fail flag,Iris  2 - net prem to surplus,Iris  2 - fail flag,Iris  3 - chg in net writings,Iris  3 - fail flag,Iris  4 - surplus aid to surplus,Iris  4 - fail flag,Iris  5 - 2-yr overall oper ratio,Iris  5 - fail flag,Iris  6 - investment yield,Iris  6 - fail flag,Iris  7 - gross change phs,Iris  7 - fail flag,Iris  8 - net change adj phs,Iris  8 - fail flag,Iris  9 - liab to liquid assets,Iris  9 - fail flag,Iris 10 - agents' bal to surplus,Iris 10 - fail flag,Iris 11 - 1-yr res dev to surplus,Iris 11 - fail flag,Iris 12 - 2-yr res dev to surplus,Iris 12 - fail flag,Iris 13 - est cur res def to surp,Iris 13 - fail flag,Iris fails - # of val out of range,Iris  1 - gross prem to surplus,Iris  1 - fail flag,Iris  2 - net prem to surplus,Iris  2 - fail flag,Iris  3 - chg in net writings,Iris  3 - fail flag,Iris  4 - surplus aid to surplus,Iris  4 - fail flag,Iris  5 - 2-yr overall oper ratio,Iris  5 - fail flag,Iris  6 - investment yield,Iris  6 - fail flag,Iris  7 - gross change phs,Iris  7 - fail flag,Iris  8 - net change adj phs,Iris  8 - fail flag,Iris  9 - liab to liquid assets,Iris  9 - fail flag,Iris 10 - agents' bal to surplus,Iris 10 - fail flag,Iris 11 - 1-yr res dev to surplus,Iris 11 - fail flag,Iris 12 - 2-yr res dev to surplus,Iris 12 - fail flag,Iris 13 - est cur res def to surp,Iris 13 - fail flag,Iris fails - # of val out of range
018680,00000,Accident Fund Group (G),275,0,131,0,13,0,1,0,84,0,2.5,1,8,0,8,0,102,1,41,1,-1,0,13,0,11,0,3,244,0,125,0,31,0,0,0,90,0,1.8,1,10,0,10,0,85,0,17,0,8,0,8,0,46,1,2,244,0,104,0,10,0,0,0,96,0,1.8,1,8,0,8,0,99,0,40,1,3,0,8,0,46,1,3,222,0,102,0,7,0,0,0,108,1,2.5,1,9,0,9,0,111,1,40,1,4,0,17,0,29,1,5
000468,14184,Acuity A Mutual Insurance Company,93,0,89,0,7,0,0,0,85,0,3.8,0,8,0,8,0,57,0,3,0,-4,0,-8,0,-5,0,0,94,0,90,0,11,0,0,0,86,0,3.6,0,10,0,10,0,55,0,3,0,-4,0,-10,0,0,0,0,94,0,89,0,15,0,0,0,85,0,3.4,0,21,0,21,0,55,0,3,0,-6,0,-12,0,3,0,0,99,0,94,0,17,0,0,0,88,0,3.6,0,14,0,14,0,59,0,4,0,-7,0,-14,0,0,0,0
000106,00000,Alfa Insurance Group (G),237,0,118,0,2,0,0,0,97,0,2.7,1,-5,0,-5,0,92,0,5,0,-2,0,-2,0,-5,0,1,223,0,110,0,3,0,0,0,95,0,2.9,1,-2,0,-2,0,92,0,8,0,-1,0,-4,0,-3,0,1,215,0,105,0,5,0,0,0,93,0,4.6,0,10,0,10,0,102,1,7,0,-3,0,-3,0,-2,0,1,224,0,111,0,0,0,0,0,104,1,3.7,0,8,0,8,0,122,1,6,0,-1,0,-2,0,-3,0,2
018640,00000,Alleghany Insurance Holdings Group (G),84,0,62,0,0,0,1,0,77,0,2.8,1,1,0,1,0,76,0,11,0,-3,0,-6,0,4,0,1,85,0,62,0,1,0,1,0,76,0,2.8,1,0,0,0,0,76,0,13,0,-3,0,-8,0,6,0,1,84,0,62,0,0,0,0,0,83,0,3.1,0,13,0,14,0,77,0,13,0,-4,0,-3,0,-7,0,0,93,0,70,0,-5,0,1,0,94,0,3.4,0,6,0,6,0,79,0,12,0,0,0,-2,0,-21,0,0
018429,00000,Allianz of America Companies (G),321,0,87,0,-37,1,1,0,102,1,3.4,0,-12,1,-68,1,100,1,28,0,-5,0,5,0,-37,0,5,231,0,122,0,-1,0,0,0,100,0,3.7,0,-13,1,-13,1,99,0,24,0,11,0,6,0,-3,0,2,207,0,108,0,-17,0,0,0,107,1,3.5,0,-2,0,-3,0,100,0,32,0,-2,0,15,0,-14,0,1,252,0,129,0,-4,0,0,0,110,1,3.6,0,-10,1,41,1,106,1,62,1,11,0,13,0,-21,0,5
018591,00000,Allied World Assurance Group (G),203,0,39,0,8,0,1,0,89,0,2.0,1,0,0,-1,0,79,0,16,0,0,0,-2,0,3,0,1,190,0,36,0,12,0,1,0,87,0,1.8,1,5,0,4,0,76,0,15,0,-1,0,-1,0,2,0,1,179,0,34,0,19,0,1,0,89,0,1.4,1,5,0,-7,0,74,0,12,0,0,0,-5,0,2,0,1,158,0,30,0,20,0,0,0,85,0,1.8,1,5,0,5,0,75,0,11,0,-1,0,-4,0,-2,0,1
000008,00000,Allstate Insurance Group (G),323,0,180,0,5,0,0,0,90,0,3.5,0,-5,0,-6,0,82,0,8,0,1,0,0,0,3,0,0,287,0,162,0,5,0,0,0,89,0,3.0,1,-6,0,1,0,79,0,7,0,0,0,-1,0,5,0,1,254,0,146,0,4,0,0,0,90,0,3.1,0,6,0,6,0,78,0,6,0,-1,0,-4,0,3,0,0,255,0,149,0,1,0,0,0,95,0,3.3,0,11,0,11,0,82,0,6,0,-3,0,-2,0,1,0,0
018431,00000,Ally Insurance Group (G),133,0,56,0,-12,0,4,0,92,0,2.6,1,-30,1,-30,1,69,0,9,0,-1,0,-3,0,3,0,3,98,0,45,0,3,0,2,0,98,0,2.9,1,-3,0,-3,0,61,0,7,0,-1,0,-3,0,4,0,1,96,0,42,0,-4,0,2,0,99,0,2.9,1,-7,0,-7,0,62,0,6,0,-1,0,-2,0,1,0,1,95,0,41,0,-13,0,1,0,92,0,2.3,1,-12,1,-12,1,63,0,8,0,-1,0,-3,0,-2,0,3
018449,00000,Ambac Financial Group (G),9,0,9,0,-16,0,1,0,0,0,6.1,0,525,1,524,1,151,1,0,0,-99,0,-96,0,76,1,4,70,0,64,0,-30,0,14,0,440,1,7.4,1,-88,1,56,1,165,1,0,0,-34,0,-99,0,-99,0,5,12,0,11,0,-13,0,2,0,54,0,7.4,1,740,1,740,1,117,1,0,0,-99,0,-6,0,-99,0,4,113,0,104,0,-25,0,20,1,41,0,7.6,1,-80,1,80,1,133,1,0,0,8,0,53,1,14,0,6
003133,10103,American Agricultural Insurance Company,157,0,56,0,3,0,0,0,84,0,1.3,1,3,0,3,0,59,0,13,0,-3,0,-10,0,-16,0,1,159,0,56,0,-14,0,0,0,84,0,1.3,1,7,0,7,0,60,0,13,0,-5,0,0,0,-16,0,1,192,0,70,0,21,0,0,0,94,0,1.3,1,11,0,11,0,66,0,21,0,3,0,-7,0,-19,0,1,217,0,64,0,-20,0,0,0,115,1,1.1,1,2,0,2,0,72,0,15,0,-10,0,-10,0,-19,0,2
000124,00000,American Family Insurance Group (G),154,0,112,0,8,0,0,0,92,0,2.4,1,8,0,8,0,72,0,2,0,-4,0,-4,0,0,0,1,152,0,112,0,6,0,0,0,95,0,2.8,1,4,0,4,0,73,0,2,0,-3,0,-4,0,1,0,1,143,0,110,0,4,0,0,0,96,0,2.6,1,7,0,7,0,71,0,2,0,-2,0,-6,0,0,0,1,145,0,113,0,4,0,0,0,99,0,3.0,0,8,0,8,0,69,0,2,0,-4,0,-6,0,-1,0,0
018540,00000,American International Group (G),211,0,74,0,3,0,1,0,90,0,4.6,0,-6,0,-17,1,112,1,10,0,12,0,13,0,14,0,2,208,0,68,0,-5,0,1,0,81,0,4.5,0,1,0,-4,0,101,1,8,0,1,0,4,0,14,0,1,160,0,72,0,3,0,1,0,89,0,5.0,0,-6,0,15,0,99,0,9,0,1,0,6,0,-1,0,0,171,0,66,0,-3,0,1,0,96,0,4.4,0,4,0,0,0,99,0,9,0,4,0,5,0,-6,0,0
018565,00000,American National P&C Group (G),139,0,102,0,3,0,0,0,91,0,3.3,0,5,0,5,0,60,0,4,0,-4,0,-7,0,-2,0,0,134,0,103,0,4,0,0,0,92,0,3.5,0,9,0,9,0,61,0,3,0,-5,0,-9,0,-3,0,0,140,0,109,0,2,0,0,0,95,0,3.7,0,10,0,10,0,63,0,4,0,-5,0,-8,0,-5,0,0,153,0,118,0,-3,0,0,0,98,0,3.8,0,19,0,19,0,65,0,3,0,-6,0,-10,0,-8,0,0
004009,00000,Ameriprise P&C Companies (G),164,0,156,0,7,0,0,0,107,1,4.2,0,22,0,-9,0,59,0,0,0,11,0,18,0,5,0,1,188,0,179,0,13,0,0,0,102,1,4.6,0,6,0,-4,0,60,0,0,0,11,0,14,0,9,0,1,176,0,167,0,10,0,0,0,98,0,4.8,0,15,0,4,0,58,0,0,0,5,0,7,0,5,0,0,182,0,173,0,8,0,0,0,97,0,5.1,0,7,0,7,0,58,0,0,0,11,0,8,0,12,0,0
018211,00000,Amerisafe Insurance Group (G),128,0,101,0,-1,0,0,0,77,0,2.6,1,-2,0,-2,0,74,0,6,0,-13,0,-21,0,-22,0,1,128,0,101,0,7,0,0,0,81,0,2.6,1,7,0,7,0,73,0,5,0,-7,0,-12,0,-3,0,1,125,0,100,0,13,0,0,0,83,0,2.9,1,9,0,9,0,72,0,5,0,-4,0,-6,0,6,0,1,121,0,96,0,21,0,0,0,87,0,3.2,0,3,0,3,0,76,0,6,0,-2,0,-4,0,18,0,0
004071,00000,Amerisure Companies (G),168,0,89,0,8,0,0,0,89,0,2.8,1,4,0,4,0,83,0,18,0,1,0,2,0,14,0,1,160,0,85,0,8,0,0,0,92,0,3.3,0,5,0,5,0,85,0,19,0,0,0,0,0,17,0,0,157,0,83,0,15,0,0,0,93,0,3.6,0,10,0,10,0,86,0,18,0,0,0,-6,0,18,0,0,151,0,79,0,14,0,0,0,94,0,3.6,0,9,0,9,0,86,0,19,0,-3,0,-5,0,17,0,0
018522,00000,Amica Mutual Group (G),76,0,74,0,6,0,0,0,99,0,2.4,1,-5,0,-5,0,50,0,3,0,-4,0,-7,0,-4,0,1,69,0,67,0,5,0,0,0,92,0,2.6,1,4,0,4,0,46,0,3,0,-5,0,-5,0,-2,0,1,73,0,66,0,6,0,0,0,95,0,2.7,1,11,0,11,0,46,0,3,0,-3,0,-4,0,-3,0,1,75,0,70,0,6,0,0,0,101,1,3.2,0,5,0,5,0,47,0,3,0,-2,0,-3,0,-4,0,1
018533,00000,AmTrust Group (G),424,0,126,0,43,1,9,0,85,0,2.3,1,7,0,2,0,101,1,31,0,2,0,8,0,7,0,3,401,0,95,0,46,1,8,0,86,0,2.6,1,18,0,0,0,90,0,30,0,3,0,-4,0,-1,0,2,352,0,76,0,-7,0,7,0,91,0,2.5,1,11,0,7,0,85,0,27,0,-9,0,-4,0,-10,0,1,303,0,91,0,11,0,6,0,99,0,2.6,1,11,0,7,0,80,0,18,0,2,0,5,0,0,0,1
000166,00000,Andover Companies Pool (G),77,0,39,0,-1,0,0,0,84,0,2.9,1,-2,0,-2,0,48,0,17,0,-2,0,-4,0,0,0,1,75,0,39,0,6,0,0,0,73,0,2.7,1,11,0,11,0,48,0,16,0,-2,0,-4,0,4,0,1,79,0,40,0,3,0,0,0,82,0,2.6,1,21,0,21,0,48,0,16,0,-2,0,-2,0,6,0,1,91,0,48,0,7,0,0,0,103,1,2.7,1,6,0,6,0,57,0,19,0,0,0,2,0,1,0,2
018220,00000,Arbella Insurance Group (G),258,0,157,0,6,0,1,0,100,1,2.4,1,-9,0,-9,0,77,0,5,0,-2,0,-3,0,-13,0,2,228,0,135,0,5,0,0,0,93,0,2.4,1,7,0,10,0,67,0,5,0,0,0,-2,0,0,0,1,234,0,137,0,7,0,0,0,93,0,2.5,1,9,0,9,0,68,0,5,0,-3,0,-7,0,1,0,1,238,0,140,0,6,0,0,0,103,1,2.9,1,18,0,17,0,72,0,6,0,-5,0,-4,0,4,0,2
018484,00000,Arch Insurance Group (G),261,0,75,0,-3,0,7,0,90,0,1.5,1,6,0,6,0,90,0,11,0,-3,0,-5,0,-13,0,1,273,0,82,0,13,0,6,0,92,0,1.6,1,8,0,1,0,84,0,11,0,-3,0,-4,0,-8,0,1,251,0,79,0,-7,0,5,0,98,0,1.6,1,24,0,8,0,87,0,10,0,-1,0,-2,0,5,0,1,275,0,105,0,21,0,6,0,103,1,2.2,1,1,0,-2,0,90,0,10,0,-1,0,-4,0,41,1,3
004019,00000,Argo Group (G),150,0,61,0,10,0,4,0,84,0,2.3,1,8,0,6,0,91,0,19,0,2,0,2,0,17,0,1,152,0,60,0,6,0,3,0,82,0,2.5,1,-3,0,-3,0,91,0,17,0,0,0,-3,0,14,0,1,144,0,55,0,1,0,2,0,83,0,3.0,0,5,0,5,0,86,0,15,0,-3,0,-4,0,13,0,0,148,0,57,0,5,0,2,0,83,0,3.7,0,0,0,0,0,88,0,18,0,-1,0,-3,0,3,0,0
018371,00000,Arrowpoint Capital Group (G),0,0,0,0,0,0,0,0,999,1,3.2,0,-7,0,-7,0,93,0,0,0,-5,0,10,0,0,0,1,0,0,0,0,-99,1,0,0,999,1,3.3,0,-4,0,-9,0,90,0,0,0,11,0,8,0,0,0,2,0,0,1,0,999,1,0,0,999,1,3.8,0,-5,0,-5,0,91,0,0,0,-12,0,-14,0,0,0,2,0,0,0,0,-99,1,0,0,999,1,4.3,0,-7,0,-7,0,93,0,0,0,-17,0,-9,0,0,0,2
018523,00000,Assurant P&C Group (G),485,0,200,0,-13,0,13,0,78,0,4.2,0,-13,1,-13,1,98,0,9,0,-5,0,0,0,-9,0,2,437,0,202,0,-7,0,11,0,75,0,3.9,0,-4,0,-4,0,95,0,12,0,-1,0,-1,0,-2,0,0,360,0,209,0,11,0,9,0,71,0,4.0,0,6,0,6,0,95,0,14,0,-2,0,-4,0,-1,0,0,336,0,198,0,16,0,11,0,72,0,4.5,0,15,0,10,0,91,0,5,0,-4,0,-2,0,-8,0,0
004017,00000,Assured Guaranty Group (G),6,0,4,0,-19,0,1,0,0,0,3.5,0,-14,1,-12,1,65,0,1,0,8,0,18,0,0,0,2,7,0,5,0,-34,1,1,0,0,0,3.2,0,22,0,24,0,63,0,0,0,-7,0,-17,0,-11,0,1,26,0,9,0,14,0,0,0,44,0,3.3,0,-3,0,-13,1,71,0,1,0,-7,0,3,0,3,0,1,11,0,7,0,-20,0,3,0,46,0,3.5,0,11,0,12,0,70,0,2,0,5,0,-23,0,4,0,0
012007,10639,Attorneys' Liability Assr Society RRG,62,0,40,0,-8,0,0,0,107,1,3.2,0,-6,0,-6,0,141,1,0,0,2,0,70,1,-1,0,3,61,0,41,0,839,1,0,0,114,1,1.5,1,640,1,-4,0,137,1,0,0,39,1,53,1,0,0,7,423,0,32,0,11,0,0,0,93,0,0.7,1,36,0,2,0,68,0,0,0,6,0,10,0,-7,0,1,542,0,39,0,0,0,0,0,80,0,1.3,1,5,0,5,0,84,0,0,0,3,0,-2,0,-17,0,1
018515,00000,Auto Club Enterprises Insurance Group (G),70,0,55,0,5,0,0,0,92,0,2.7,1,2,0,2,0,36,0,4,0,-1,0,-1,0,-1,0,1,69,0,53,0,4,0,0,0,92,0,2.8,1,5,0,5,0,36,0,4,0,-1,0,-1,0,-1,0,1,70,0,54,0,5,0,0,0,92,0,2.9,1,13,0,13,0,36,0,4,0,0,0,-1,0,-1,0,1,74,0,58,0,4,0,0,0,93,0,3.3,0,8,0,8,0,38,0,6,0,-1,0,-1,0,-1,0,0
000312,00000,Auto Club Group (G),282,0,122,0,6,0,1,0,96,0,2.9,1,4,0,4,0,80,0,13,0,0,0,2,0,0,0,1,282,0,120,0,0,0,1,0,99,0,3.0,1,-3,0,-3,0,82,0,12,0,2,0,2,0,-1,0,1,271,0,116,0,4,0,1,0,103,1,3.1,0,3,0,3,0,81,0,12,0,3,0,13,0,3,0,1,268,0,115,0,1,0,1,0,105,1,3.4,0,-4,0,-4,0,79,0,11,0,10,0,8,0,1,0,1
004354,00000,Auto-Owners Insurance Group (G),74,0,65,0,3,0,0,0,84,0,2.7,1,10,0,10,0,52,0,1,0,-1,0,-2,0,2,0,1,79,0,70,0,5,0,0,0,87,0,2.8,1,6,0,6,0,54,0,1,0,0,0,0,0,2,0,1,80,0,70,0,6,0,0,0,88,0,2.9,1,14,0,14,0,54,0,1,0,1,0,-1,0,4,0,1,85,0,76,0,5,0,0,0,95,0,3.3,0,9,0,9,0,56,0,1,0,0,0,-2,0,5,0,0
018603,00000,AXIS Insurance Group (G),193,0,60,0,2,0,4,0,98,0,2.0,1,-1,0,-1,0,82,0,15,0,-5,0,-13,0,-5,0,1,187,0,59,0,2,0,3,0,96,0,2.0,1,7,0,1,0,73,0,12,0,-7,0,-13,0,-5,0,1,195,0,62,0,26,0,3,0,94,0,2.1,1,4,0,3,0,73,0,14,0,-5,0,-11,0,-8,0,1,171,0,51,0,2,0,3,0,94,0,2.4,1,5,0,5,0,74,0,14,0,-5,0,-10,0,-16,0,1
000811,00000,Berkshire Hathaway Insurance Group (G),50,0,29,0,11,0,0,0,62,0,4.0,0,-4,0,-8,0,70,0,5,0,-2,0,-3,0,0,0,0,49,0,25,0,12,0,0,0,56,0,7.0,1,-1,0,5,0,70,0,4,0,-2,0,-3,0,1,0,1,30,0,22,0,4,0,0,0,60,0,4.5,0,22,0,22,0,67,0,3,0,-2,0,-4,0,0,0,0,35,0,26,0,13,0,0,0,61,0,5.0,0,12,0,12,0,74,0,4,0,-2,0,-3,0,0,0,0
018822,00000,BrickStreet Mutual Insurance Group (G),56,0,37,0,-16,0,0,0,84,0,2.7,1,7,0,7,0,67,0,2,0,-11,0,-24,0,-39,0,1,63,0,47,0,-5,0,0,0,84,0,2.8,1,9,0,9,0,70,0,4,0,-9,0,-22,0,-8,0,1,60,0,54,0,11,0,0,0,81,0,2.9,1,9,0,9,0,69,0,2,0,-10,0,-25,0,-2,0,1,55,0,53,0,15,0,0,0,79,0,3.3,0,13,0,13,0,70,0,3,0,-15,0,-28,0,-22,0,0
012534,10779,California Earthquake Authority,12,0,8,0,8,0,0,0,27,0,0.5,1,7,0,7,0,11,0,1,0,0,0,0,0,0,0,1,12,0,8,0,14,0,0,0,30,0,0.2,1,6,0,6,0,12,0,1,0,0,0,0,0,0,0,1,12,0,8,0,5,0,0,0,31,0,0.3,1,6,0,6,0,8,0,1,0,0,0,0,0,0,0,1,13,0,8,0,-17,0,0,0,28,0,0.5,1,7,0,7,0,9,0,1,0,0,0,0,0,0,0,1
000246,00000,Central Insurance Companies (G),108,0,82,0,9,0,0,0,84,0,3.3,0,10,0,10,0,56,0,5,0,-6,0,-9,0,2,0,0,110,0,83,0,11,0,0,0,84,0,3.2,0,3,0,3,0,58,0,5,0,-4,0,-16,0,6,0,0,104,0,77,0,9,0,0,0,88,0,3.4,0,21,0,21,0,57,0,4,0,-9,0,-18,0,3,0,0,118,0,86,0,-2,0,0,0,98,0,3.6,0,11,0,11,0,65,0,6,0,-6,0,-16,0,-6,0,0
012335,11039,Chesapeake Employers' Insurance Company,51,0,50,0,1,0,0,0,84,0,3.0,1,16,0,16,0,87,0,3,0,-10,0,-19,0,-2,0,1,58,0,57,0,1,0,0,0,96,0,2.8,1,18,0,18,0,92,0,3,0,-5,0,-9,0,21,0,1,68,0,67,0,13,0,0,0,101,1,2.8,1,17,0,17,0,91,0,4,0,-3,0,-10,0,73,1,3,71,0,70,0,13,0,0,0,103,1,3.1,0,-11,1,-11,1,92,0,4,0,-6,0,-12,0,43,1,4
018498,00000,Chubb INA Group (G),222,0,81,0,4,0,1,0,79,0,3.1,0,-10,1,-10,1,100,0,16,0,-2,0,-4,0,3,0,2,189,0,70,0,4,0,1,0,77,0,3.0,0,3,0,3,0,95,0,14,0,-2,0,-5,0,2,0,0,191,0,69,0,1,0,1,0,80,0,3.4,0,7,0,7,0,95,0,14,0,-3,0,-5,0,1,0,0,198,0,73,0,3,0,1,0,83,0,4.0,0,3,0,2,0,101,1,14,0,-3,0,-6,0,-4,0,1
018887,00000,Church Mutual Insurance Group (G),114,0,102,0,3,0,0,0,85,0,2.0,1,10,0,10,0,72,0,7,0,-3,0,-8,0,-6,0,1,122,0,110,0,5,0,0,0,91,0,2.4,1,13,0,13,0,72,0,7,0,-7,0,-9,0,2,0,1,135,0,118,0,11,0,0,0,94,0,2.4,1,13,0,13,0,75,0,8,0,-4,0,-9,0,5,0,1,143,0,120,0,5,0,1,0,100,1,3.0,0,10,0,10,0,76,0,9,0,-8,0,-10,0,1,0,1
011712,10064,Citizens Property Insurance Corporation,17,0,8,0,-41,1,0,0,96,0,0.0,1,0,0,0,0,45,0,1,0,2,0,2,0,-2,0,2,28,0,13,0,-42,1,0,0,76,0,0.0,1,5,0,5,0,47,0,2,0,1,0,3,0,-1,0,2,39,0,24,0,-19,0,0,0,72,0,0.0,1,11,0,11,0,54,0,2,0,1,0,2,0,0,0,1,51,0,34,0,-15,0,0,0,77,0,0.0,1,13,0,13,0,61,0,3,0,1,0,3,0,-2,0,1
018890,00000,CM International Insurance Group (G),64,0,50,0,6,0,0,0,79,0,1.6,1,-15,1,-9,0,65,0,2,0,-2,0,-5,0,38,1,3,48,0,40,0,6,0,0,0,77,0,1.8,1,12,0,12,0,63,0,1,0,-1,0,0,0,35,1,2,49,0,42,0,-7,0,0,0,89,0,1.6,1,-9,0,-3,0,70,0,1,0,1,0,0,0,-27,0,1,49,0,41,0,-44,1,0,0,95,0,1.8,1,-4,0,-4,0,72,0,1,0,0,0,-1,0,-69,0,2
018313,00000,CNA Insurance Companies (G),120,0,59,0,-2,0,0,0,75,0,5.5,0,-4,0,-4,0,89,0,10,0,-2,0,-2,0,-7,0,0,112,0,58,0,-3,0,0,0,77,0,5.2,0,0,0,0,0,89,0,8,0,0,0,-1,0,3,0,0,111,0,60,0,1,0,0,0,82,0,5.1,0,11,0,11,0,91,0,7,0,0,0,4,0,15,0,0,119,0,66,0,1,0,0,0,82,0,5.0,0,1,0,4,0,93,0,7,0,4,0,0,0,15,0,0
003479,36188,CompSource Mutual Insurance Company,63,0,63,0,-12,0,0,0,90,0,2.7,1,6,0,6,0,79,0,12,0,4,0,18,0,-42,0,1,76,0,76,0,-1,0,0,0,93,0,2.8,1,23,0,23,0,82,0,18,0,7,0,27,1,-4,0,2,95,0,95,0,9,0,0,0,101,1,2.8,1,30,0,30,1,85,0,18,0,-4,0,-3,0,10,0,3,113,0,113,0,12,0,0,0,105,1,2.9,1,14,0,14,0,89,0,22,0,1,0,6,0,19,0,2
018724,00000,CopperPoint Mutual Group (G),33,0,19,0,1,0,0,0,72,0,2.7,1,2,0,2,0,72,0,2,0,0,0,-7,0,17,0,1,34,0,19,0,8,0,0,0,78,0,2.6,1,4,0,3,0,72,0,2,0,-7,0,-9,0,54,1,2,33,0,19,0,21,0,0,0,78,0,2.3,1,11,0,11,0,73,0,2,0,-1,0,0,0,71,1,2,30,0,17,0,8,0,0,0,70,0,2.7,1,40,0,40,1,77,0,2,0,1,0,-6,0,3,0,2
000302,00000,COUNTRY Financial Property Casualty Grp (G),143,0,98,0,-2,0,0,0,93,0,3.9,0,5,0,5,0,57,0,5,0,-1,0,-2,0,2,0,0,158,0,105,0,0,0,0,0,92,0,3.9,0,7,0,7,0,59,0,7,0,-1,0,-3,0,2,0,0,170,0,113,0,4,0,0,0,95,0,4.0,0,12,0,12,0,63,0,8,0,-3,0,-3,0,-2,0,0,181,0,121,0,1,0,0,0,104,1,4.0,0,3,0,3,0,66,0,8,0,-3,0,-1,0,-2,0,1
018359,00000,Coverys Companies (G),39,0,23,0,-9,0,0,0,71,0,3.0,1,4,0,4,0,70,0,7,0,-8,0,-14,0,-14,0,1,44,0,26,0,-2,0,0,0,63,0,3.0,0,-11,1,-11,1,73,0,7,0,-7,0,-17,0,-14,0,2,41,0,24,0,-2,0,0,0,64,0,3.0,1,11,0,11,0,66,0,5,0,-9,0,-18,0,-13,0,1,45,0,27,0,-4,0,0,0,60,0,3.3,0,13,0,13,0,69,0,5,0,-8,0,-23,0,-17,0,0
018460,00000,CSAA Insurance Group (G),142,0,98,0,7,0,0,0,102,1,2.7,1,-10,0,-10,0,56,0,11,0,-1,0,0,0,-5,0,2,119,0,82,0,7,0,0,0,98,0,2.8,1,-2,0,-2,0,56,0,10,0,0,0,1,0,-2,0,1,108,0,75,0,3,0,0,0,97,0,3.1,0,6,0,6,0,47,0,6,0,1,0,-1,0,1,0,0,108,0,77,0,2,0,0,0,95,0,3.1,0,5,0,5,0,52,0,10,0,-1,0,-3,0,0,0,0
018704,00000,CUMIS Insurance Society Group (G),81,0,95,0,4,0,0,0,83,0,4.1,0,12,0,12,0,66,0,28,0,-7,0,-11,0,-5,0,0,163,0,101,0,5,0,0,0,85,0,4.3,0,15,0,15,0,108,1,54,1,-7,0,-9,0,-4,0,2,210,0,111,0,12,0,0,0,88,0,4.3,0,11,0,11,0,92,0,54,1,-5,0,-7,0,-5,0,1,229,0,109,0,13,0,0,0,93,0,4.2,0,12,0,12,0,105,1,35,0,-5,0,-6,0,-10,0,1
018083,00000,Doctors Company Insurance Group (G),40,0,35,0,-3,0,0,0,87,0,1.5,1,0,0,0,0,60,0,3,0,-8,0,-17,0,-9,0,1,40,0,36,0,-5,0,0,0,87,0,0.7,1,3,0,6,0,65,0,2,0,-9,0,-21,0,-15,0,1,44,0,39,0,-9,0,0,0,82,0,1.7,1,27,0,13,0,66,0,3,0,-10,0,-18,0,-16,0,1,62,0,55,0,-4,0,0,0,78,0,2.8,1,14,0,14,0,79,0,4,0,-8,0,-16,0,-20,0,1
003168,00000,Donegal Insurance Group (G),364,0,187,0,8,0,1,0,95,0,2.7,1,-6,0,-6,0,85,0,12,0,0,0,3,0,-1,0,1,326,0,162,0,8,0,1,0,95,0,2.2,1,1,0,1,0,81,0,13,0,2,0,3,0,3,0,1,308,0,152,0,9,0,1,0,94,0,2.5,1,7,0,7,0,79,0,12,0,1,0,2,0,7,0,1,309,0,150,0,9,0,1,0,100,0,2.7,1,5,0,5,0,77,0,12,0,1,0,-2,0,3,0,1
003771,33499,Dorinco Reinsurance Company,60,0,30,0,-10,0,0,0,61,0,2.5,1,-4,0,-4,0,79,0,5,0,-8,0,-11,0,-38,0,1,59,0,32,0,-13,0,0,0,69,0,2.4,1,1,0,1,0,80,0,7,0,-4,0,-7,0,-25,0,1,68,0,37,0,-6,0,0,0,71,0,2.7,1,1,0,1,0,82,0,8,0,-4,0,-1,0,-13,0,1,70,0,40,0,-3,0,0,0,75,0,2.9,1,1,0,1,0,85,0,24,0,4,0,1,0,-6,0,1
002146,21261,Electric Insurance Company,68,0,64,0,15,0,0,0,95,0,3.1,0,1,0,1,0,94,0,1,0,-3,0,-10,0,5,0,0,60,0,56,0,-15,0,0,0,93,0,3.2,0,3,0,3,0,91,0,1,0,-8,0,-18,0,4,0,0,72,0,68,0,-4,0,0,0,91,0,3.2,0,8,0,8,0,87,0,1,0,-13,0,-21,0,-16,0,0,81,0,76,0,-3,0,0,0,93,0,3.8,0,5,0,5,0,93,0,1,0,-13,0,-12,0,-31,0,0
000346,00000,EMC Insurance Companies (G),196,0,109,0,5,0,0,0,93,0,3.0,1,6,0,6,0,83,0,34,0,-4,0,-4,0,-4,0,1,201,0,111,0,6,0,0,0,94,0,3.4,0,8,0,8,0,81,0,32,0,-3,0,-5,0,-3,0,0,213,0,114,0,10,0,0,0,93,0,3.2,0,17,0,17,0,83,0,34,0,-2,0,-7,0,11,0,0,227,0,121,0,11,0,0,0,99,0,3.8,0,8,0,8,0,86,0,34,0,-5,0,-8,0,10,0,0
018602,00000,Employers Insurance Group (G),189,0,98,0,0,0,0,0,88,0,2.8,1,11,0,11,0,81,0,6,0,0,0,-4,0,-3,0,1,268,0,108,0,1,0,0,0,94,0,2.9,1,12,0,12,0,177,1,7,0,-7,0,-8,0,11,0,2,295,0,119,0,19,0,0,0,94,0,3.0,0,13,0,5,0,176,1,6,0,1,0,-25,0,74,1,2,281,0,114,0,39,1,0,0,93,0,3.4,0,29,0,11,0,173,1,6,0,-24,0,-23,0,75,1,3
018620,00000,Endurance Specialty Group (G),427,0,91,0,-16,0,7,0,91,0,1.8,1,9,0,9,0,124,1,32,0,-5,0,-10,0,-33,0,2,435,0,120,0,-11,0,5,0,100,0,1.7,1,7,0,7,0,129,1,29,0,-5,0,-8,0,-12,0,2,448,0,144,0,3,0,3,0,112,1,1.4,1,7,0,-9,0,128,1,17,0,-4,0,-2,0,3,0,3,466,0,150,0,16,0,3,0,116,1,1.9,1,-1,0,-26,1,132,1,13,0,-3,0,-5,0,12,0,4
018802,00000,Enstar Insurance Group (G),128,0,0,0,-99,1,0,0,0,0,1.6,1,-19,1,-20,1,88,0,8,0,-87,0,-60,0,-99,0,4,100,0,39,0,3,0,2,0,139,1,1.5,1,-23,1,-23,1,84,0,3,0,4,0,-3,0,-99,0,4,115,0,29,0,-59,1,2,0,119,1,1.4,1,-7,0,-12,1,80,0,6,0,-2,0,-3,0,-40,0,4,157,0,66,0,22,0,3,0,105,1,2.0,1,2,0,-4,0,77,0,7,0,1,0,1,0,53,1,3
004283,00000,Erie Insurance Group (G),110,0,82,0,7,0,0,0,91,0,4.0,0,5,0,5,0,50,0,2,0,-2,0,-3,0,1,0,0,105,0,80,0,9,0,0,0,91,0,3.4,0,5,0,5,0,51,0,2,0,-2,0,-3,0,2,0,0,100,0,78,0,10,0,0,0,92,0,4.0,0,15,0,15,0,51,0,2,0,-1,0,-3,0,2,0,0,103,0,82,0,8,0,0,0,96,0,4.4,0,9,0,9,0,54,0,2,0,-3,0,-8,0,-1,0,0
018805,00000,Essent Guaranty Group (G),68,0,56,0,22,0,0,0,29,0,1.7,1,12,0,8,0,53,0,3,0,-1,0,0,0,-2,0,1,59,0,51,0,40,1,0,0,33,0,1.5,1,33,0,7,0,45,0,3,0,0,0,0,0,-1,0,2,53,0,49,0,156,1,0,0,47,0,1.0,1,114,1,4,0,38,0,3,0,0,0,0,0,0,0,3,44,0,41,0,307,1,0,0,108,1,1.0,1,21,0,-16,1,34,0,3,0,0,0,0,0,0,0,4
005696,00000,Everest Re U.S. Group (G),199,0,65,0,-2,0,1,0,76,0,2.7,1,10,0,10,0,133,1,26,0,0,0,1,0,7,0,2,210,0,73,0,0,0,1,0,73,0,2.6,1,3,0,2,0,133,1,24,0,1,0,6,0,32,1,3,194,0,75,0,25,0,1,0,74,0,4.9,0,8,0,7,0,123,1,24,0,4,0,7,0,47,1,2,167,0,64,0,-3,0,1,0,100,0,3.0,0,12,0,12,0,126,1,23,0,3,0,5,0,0,0,1
003116,00000,Fairfax Financial (USA) Group (G),123,0,74,0,3,0,0,0,90,0,1.6,1,-1,0,-7,0,104,1,10,0,-3,0,-6,0,6,0,2,120,0,71,0,1,0,1,0,89,0,1.3,1,19,0,20,0,101,1,8,0,-2,0,-6,0,8,0,2,151,0,83,0,5,0,1,0,91,0,1.5,1,-4,0,-6,0,98,0,8,0,-5,0,-6,0,22,0,1,121,0,77,0,11,0,1,0,103,1,1.8,1,0,0,0,0,91,0,5,0,-3,0,1,0,17,0,2
004233,00000,Farm Bureau Property & Casualty Group (G),171,0,129,0,4,0,0,0,88,0,3.5,0,16,0,16,0,57,0,9,0,-4,0,-6,0,-3,0,0,192,0,144,0,3,0,0,0,91,0,3.4,0,10,0,10,0,61,0,10,0,-4,0,-5,0,0,0,0,208,0,153,0,7,0,0,0,92,0,3.7,0,12,0,12,0,62,0,10,0,-2,0,-3,0,-5,0,0,219,0,160,0,4,0,0,0,94,0,3.7,0,8,0,8,0,66,0,10,0,-1,0,-5,0,-1,0,0
000032,00000,Farmers Insurance Group (G),886,0,254,0,5,0,3,0,99,0,1.9,1,-6,0,-2,0,94,0,9,0,3,0,4,0,9,0,1,809,0,228,0,2,0,1,0,98,0,2.1,1,6,0,3,0,88,0,9,0,1,0,1,0,4,0,1,859,0,238,0,-3,0,1,0,100,0,2.1,1,6,0,4,0,94,0,12,0,0,0,2,0,3,0,1,925,1,260,0,-1,0,1,0,103,1,2.5,1,-1,0,-1,0,96,0,16,0,2,0,-4,0,0,0,3
018290,00000,FCCI Insurance Group (G),186,0,122,0,11,0,1,0,90,0,3.1,0,0,0,0,0,68,0,5,0,-3,0,-6,0,2,0,0,173,0,110,0,14,0,0,0,91,0,3.4,0,5,0,5,0,66,0,4,0,-4,0,-8,0,10,0,0,164,0,101,0,14,0,1,0,93,0,3.5,0,6,0,6,0,66,0,3,0,-7,0,-16,0,5,0,0,157,0,95,0,11,0,0,0,93,0,3.7,0,6,0,6,0,66,0,2,0,-9,0,-22,0,3,0,0
004284,00000,Federated Mutual Group (G),62,0,51,0,10,0,0,0,78,0,4.0,0,8,0,8,0,51,0,3,0,-5,0,-11,0,-1,0,0,62,0,50,0,9,0,0,0,80,0,4.1,0,6,0,6,0,51,0,3,0,-7,0,-10,0,0,0,0,60,0,48,0,15,0,0,0,86,0,4.1,0,6,0,6,0,51,0,3,0,-6,0,-8,0,-1,0,0,56,0,44,0,8,0,0,0,91,0,4.3,0,6,0,6,0,51,0,2,0,-5,0,-8,0,-2,0,0
001859,12815,Financial Guaranty Insurance Company,19,0,18,0,-26,0,1,0,37,0,3.3,0,0,0,0,0,99,0,0,0,-99,0,-99,0,999,1,1,26,0,24,0,-65,1,0,0,0,0,3.1,0,0,0,0,0,99,0,0,0,-99,0,121,1,-99,0,2,57,0,70,0,-36,1,0,0,0,0,2.6,1,999,1,999,1,98,0,0,0,112,1,141,1,-99,0,6,999,1,999,1,2,0,0,0,207,1,2.3,1,-99,1,-99,1,232,1,0,0,58,1,23,1,0,0,9
018502,00000,FM Global Group (G),46,0,31,0,-1,0,1,0,73,0,2.0,1,4,0,4,0,49,0,6,0,1,0,-1,0,-2,0,1,48,0,32,0,0,0,1,0,69,0,2.0,1,11,0,11,0,50,0,7,0,-2,0,0,0,0,0,1,54,0,36,0,-3,0,1,0,73,0,2.1,1,22,0,22,0,51,0,6,0,2,0,1,0,8,0,1,63,0,45,0,11,0,1,0,93,0,2.2,1,17,0,17,0,63,0,8,0,-1,0,-4,0,2,0,1
018892,00000,Fosun US Group (G),280,0,78,0,-3,0,4,0,98,0,2.6,1,-2,0,-2,0,91,0,28,0,8,0,14,0,-5,0,1,282,0,78,0,-9,0,3,0,98,0,2.7,1,9,0,7,0,92,0,36,0,1,0,12,0,-16,0,1,326,0,94,0,-8,0,3,0,100,1,3.0,1,12,0,0,0,99,0,44,1,7,0,16,0,-22,0,3,358,0,114,0,10,0,5,0,95,0,3.5,0,7,0,6,0,98,0,41,1,10,0,8,0,-1,0,1
018496,00000,Frankenmuth Insurance Group (G),164,0,114,0,5,0,1,0,90,0,2.9,1,10,0,10,0,67,0,11,0,-10,0,-13,0,-7,0,1,173,0,118,0,4,0,1,0,90,0,2.9,1,4,0,4,0,70,0,13,0,-10,0,-15,0,-7,0,1,175,0,118,0,4,0,1,0,90,0,3.1,0,14,0,14,0,71,0,13,0,-12,0,-15,0,-8,0,0,195,0,130,0,-1,0,1,0,99,0,3.4,0,10,0,10,0,76,0,16,0,-10,0,-5,0,-9,0,0
018694,00000,Genworth PC Group (G),63,0,56,0,9,0,0,0,60,0,2.9,1,-8,0,-8,0,79,0,3,0,-1,0,5,0,46,1,2,54,0,48,0,11,0,0,0,79,0,3.3,0,49,0,15,0,88,0,3,0,2,0,5,0,48,1,1,73,0,64,0,2,0,0,0,113,1,3.2,0,96,1,26,1,112,1,4,0,-16,0,-5,0,69,1,5,149,0,122,0,-4,0,0,0,187,1,3.2,0,-12,1,-2,0,122,1,11,0,0,0,47,1,52,1,5
003917,00000,Grange Mutual Casualty Pool (G),197,0,110,0,1,0,0,0,95,0,2.1,1,2,0,2,0,73,0,21,0,2,0,2,0,-4,0,1,198,0,111,0,7,0,0,0,94,0,2.1,1,4,0,4,0,73,0,22,0,1,0,1,0,0,0,1,190,0,108,0,8,0,0,0,95,0,2.0,1,10,0,10,0,73,0,21,0,-1,0,-3,0,-2,0,1,189,0,111,0,3,0,0,0,96,0,2.1,1,9,0,9,0,74,0,20,0,-3,0,-6,0,-5,0,1
004835,00000,Great American P & C Insurance Grp (G),313,0,144,0,6,0,3,0,85,0,3.8,0,9,0,8,0,92,0,14,0,-1,0,1,0,-1,0,0,320,0,148,0,22,0,3,0,86,0,3.8,0,13,0,2,0,94,0,16,0,-1,0,-3,0,-13,0,0,319,0,137,0,13,0,3,0,85,0,3.9,0,-5,0,-5,0,93,0,15,0,-2,0,-6,0,19,0,0,274,0,115,0,6,0,2,0,83,0,3.9,0,1,0,1,0,87,0,13,0,-5,0,-8,0,7,0,0
003918,00000,GuideOne Insurance Companies (G),203,0,100,0,1,0,1,0,96,0,2.2,1,5,0,5,0,76,0,15,0,-3,0,-7,0,-2,0,1,307,0,103,0,6,0,0,0,98,0,2.5,1,-3,0,-3,0,102,1,30,0,-4,0,-10,0,5,0,2,323,0,95,0,13,0,1,0,94,0,2.4,1,8,0,8,0,129,1,37,0,-4,0,-15,0,5,0,2,186,0,90,0,5,0,1,0,91,0,2.9,1,4,0,4,0,75,0,13,0,-9,0,-17,0,-7,0,1
004861,00000,Hanover Insurance Grp Prop & Cas Cos (G),309,0,170,0,4,0,1,0,93,0,4.0,0,7,0,7,0,83,0,6,0,3,0,7,0,2,0,0,316,0,174,0,4,0,1,0,93,0,4.1,0,12,0,12,0,80,0,7,0,0,0,7,0,2,0,0,342,0,187,0,2,0,1,0,97,0,4.4,0,20,0,20,0,81,0,8,0,2,0,9,0,3,0,0,408,0,222,0,7,0,1,0,100,1,5.1,0,-4,0,-4,0,87,0,10,0,5,0,-4,0,-6,0,1
000048,00000,Hartford Insurance Group (G),178,0,70,0,3,0,0,0,85,0,3.7,0,0,0,-2,0,95,0,6,0,1,0,2,0,5,0,0,173,0,67,0,3,0,0,0,85,0,3.6,0,-1,0,-1,0,95,0,6,0,1,0,3,0,3,0,0,170,0,65,0,1,0,0,0,87,0,4.1,0,8,0,8,0,94,0,5,0,1,0,0,0,0,0,0,182,0,69,0,0,0,0,0,92,0,4.2,0,3,0,3,0,94,0,6,0,-1,0,1,0,-1,0,0
000157,30317,"Hospitals Insurance Company, Inc.",49,0,48,0,-6,0,0,0,51,0,1.2,1,-3,0,-3,0,97,0,7,0,-3,0,-64,0,-35,0,1,50,0,50,0,-2,0,0,0,35,0,1.3,1,44,0,44,1,101,1,7,0,-60,0,-99,0,-28,0,3,74,0,73,0,6,0,0,0,79,0,1.2,1,48,0,48,1,115,1,11,0,-66,0,-91,0,-51,0,3,104,0,103,0,1,0,0,0,105,1,1.1,1,20,0,20,0,115,1,15,0,-23,0,-4,0,-33,0,3
018567,00000,IAT Insurance Group (G),199,0,83,0,2,0,2,0,92,0,2.6,1,-7,0,-7,0,78,0,14,0,5,0,5,0,5,0,1,170,0,76,0,14,0,2,0,90,0,2.5,1,6,0,6,0,71,0,14,0,2,0,-2,0,11,0,1,170,0,70,0,25,0,1,0,92,0,2.9,1,23,0,23,0,71,0,12,0,-3,0,-4,0,18,0,1,186,0,69,0,21,0,1,0,98,0,3.3,0,14,0,14,0,75,0,17,0,0,0,0,0,9,0,0
018860,00000,ICW Group (G),149,0,118,0,20,0,0,0,81,0,2.4,1,14,0,14,0,72,0,9,0,-4,0,-1,0,-10,0,1,147,0,113,0,21,0,0,0,81,0,2.4,1,23,0,23,0,74,0,9,0,-2,0,-1,0,2,0,1,156,0,115,0,40,1,0,0,85,0,2.0,1,28,0,28,1,76,0,8,0,-3,0,7,0,16,0,3,148,0,105,0,29,0,0,0,97,0,2.8,1,19,0,15,0,78,0,8,0,0,0,13,0,-10,0,1
012362,11021,Indiana Old National Insurance Company,0,0,0,0,-7,0,0,0,0,0,2.7,1,2,0,2,0,0,0,0,0,0,0,0,0,0,0,1,0,0,0,0,14,0,0,0,0,0,2.8,1,2,0,2,0,1,0,0,0,0,0,0,0,0,0,1,0,0,0,0,24,0,0,0,0,0,2.3,1,99,1,3,0,0,0,0,0,0,0,0,0,0,0,2,0,0,0,0,-12,0,0,0,0,0,1.3,1,1,0,1,0,0,0,0,0,0,0,0,0,0,0,1
018584,00000,Infinity Property & Casualty Group (G),338,0,208,0,2,0,0,0,93,0,2.4,1,-3,0,-3,0,65,0,6,0,-4,0,-4,0,-4,0,1,328,0,197,0,1,0,0,0,94,0,2.4,1,1,0,1,0,62,0,5,0,-3,0,0,0,-4,0,1,325,0,197,0,7,0,0,0,96,0,2.4,1,10,0,10,0,63,0,5,0,1,0,3,0,0,0,1,335,0,203,0,16,0,0,0,96,0,2.8,1,15,0,6,0,74,0,14,0,2,0,-3,0,3,0,1
018644,00000,ISMIE Mutual Group (G),29,0,25,0,-11,0,0,0,83,0,2.1,1,3,0,3,0,59,0,2,0,-6,0,-18,0,-20,0,1,35,0,29,0,-18,0,0,0,67,0,2.4,1,6,0,6,0,65,0,3,0,-11,0,-31,0,-32,0,1,40,0,38,0,-5,0,0,0,60,0,2.7,1,17,0,17,0,70,0,4,0,-19,0,-38,0,-8,0,1,51,0,46,0,2,0,0,0,66,0,3.3,0,13,0,13,0,74,0,4,0,-16,0,-31,0,13,0,0
000914,00000,Kemper P&C Group (G),286,0,145,0,-5,0,0,0,94,0,4.8,0,-13,1,-14,1,80,0,15,0,-3,0,-9,0,-3,0,2,262,0,133,0,-11,0,0,0,92,0,4.9,0,-4,0,-4,0,73,0,12,0,-6,0,-11,0,-1,0,0,281,0,143,0,-7,0,0,0,96,0,4.8,0,17,0,37,1,77,0,12,0,-8,0,-8,0,2,0,1,356,0,180,0,-4,0,0,0,102,1,4.5,0,2,0,2,0,90,0,16,0,-4,0,-8,0,-3,0,1
003281,00000,Kentucky Farm Bureau Group (G),80,0,72,0,3,0,0,0,89,0,3.7,0,6,0,6,0,49,0,1,0,-1,0,-4,0,-1,0,0,82,0,74,0,1,0,0,0,81,0,3.9,0,8,0,8,0,50,0,0,0,-2,0,-4,0,0,0,0,89,0,79,0,-1,0,0,0,89,0,4.0,0,14,0,14,0,52,0,0,0,-3,0,-2,0,-2,0,0,101,0,91,0,-1,0,0,0,100,1,4.3,0,4,0,4,0,52,0,0,0,-1,0,0,0,-2,0,1
000060,00000,Liberty Mutual Insurance Companies (G),380,0,136,0,1,0,0,0,93,0,2.9,1,-3,0,-3,0,113,1,10,0,-1,0,-1,0,4,0,2,357,0,131,0,1,0,0,0,95,0,3.4,0,9,0,4,0,113,1,9,0,0,0,4,0,11,0,1,387,0,142,0,4,0,1,0,99,0,3.8,0,6,0,3,0,119,1,11,0,5,0,6,0,14,0,1,387,0,144,0,8,0,1,0,102,1,3.9,0,5,0,4,0,117,1,11,0,1,0,3,0,9,0,2
011339,22350,Louisiana Workers' Compensation Corp,21,0,20,0,-4,0,0,0,91,0,3.4,0,2,0,2,0,44,0,1,0,-4,0,-9,0,-3,0,0,23,0,22,0,6,0,0,0,89,0,3.3,0,5,0,5,0,45,0,1,0,-6,0,-9,0,1,0,0,22,0,21,0,12,0,0,0,85,0,3.5,0,8,0,8,0,45,0,2,0,-4,0,-6,0,3,0,0,22,0,21,0,11,0,0,0,82,0,3.6,0,9,0,9,0,47,0,1,0,-2,0,-5,0,0,0,0
018635,00000,MAG Mutual Group (G),31,0,23,0,3,0,0,0,91,0,2.2,1,14,0,-3,0,58,0,2,0,-6,0,-13,0,-4,0,1,33,0,25,0,-2,0,0,0,87,0,2.0,1,4,0,4,0,57,0,2,0,-8,0,-18,0,-8,0,1,34,0,27,0,0,0,0,0,84,0,2.4,1,11,0,11,0,55,0,2,0,-13,0,-21,0,-15,0,1,36,0,30,0,-8,0,0,0,72,0,2.7,1,9,0,9,0,58,0,2,0,-9,0,-27,0,-17,0,1
013979,11054,"Maiden Reinsurance North America, Inc.",237,0,141,0,-5,0,0,0,95,0,3.3,0,2,0,2,0,76,0,7,0,4,0,1,0,-21,0,0,255,0,152,0,12,0,0,0,96,0,3.0,1,7,0,7,0,78,0,4,0,-2,0,2,0,-9,0,1,250,0,145,0,13,0,0,0,100,0,2.2,1,1,0,1,0,80,0,11,0,0,0,-4,0,-9,0,1,242,0,129,0,76,1,0,0,100,1,2.4,1,0,0,-4,0,88,0,6,0,-1,0,-2,0,-11,0,3
018355,00000,Main Street America Group (G),151,0,91,0,0,0,0,0,96,0,2.3,1,6,0,6,0,65,0,4,0,2,0,5,0,-1,0,1,161,0,97,0,-3,0,0,0,97,0,2.6,1,3,0,3,0,67,0,4,0,3,0,3,0,-2,0,1,173,0,103,0,-1,0,0,0,95,0,2.8,1,11,0,11,0,66,0,4,0,-2,0,-3,0,0,0,1,242,0,117,0,6,0,0,0,99,0,3.1,0,9,0,9,0,70,0,6,0,-2,0,-4,0,0,0,0
018801,00000,MAPFRE North America Group (G),379,0,183,0,-2,0,2,0,99,0,3.3,0,-2,0,-3,0,94,0,31,0,3,0,6,0,1,0,0,329,0,184,0,4,0,1,0,94,0,3.8,0,-13,1,-13,1,85,0,25,0,5,0,8,0,5,0,2,274,0,154,0,6,0,1,0,93,0,4.2,0,-15,1,-15,1,77,0,20,0,4,0,6,0,4,0,2,222,0,124,0,-6,0,1,0,96,0,4.4,0,-1,0,-1,0,70,0,15,0,1,0,1,0,4,0,0
018468,00000,Markel Corporation Group (G),128,0,88,0,7,0,2,0,87,0,2.2,1,-2,0,-2,0,75,0,10,0,-8,0,-12,0,-17,0,1,131,0,81,0,6,0,1,0,86,0,2.4,1,9,0,9,0,73,0,12,0,-7,0,-18,0,1,0,1,151,0,84,0,20,0,1,0,87,0,2.5,1,13,0,9,0,74,0,14,0,-11,0,-18,0,1,0,1,138,0,79,0,5,0,1,0,88,0,3.1,0,0,0,-3,0,74,0,13,0,-10,0,-20,0,-6,0,0
003166,00000,MBIA Group (G),4,0,3,0,-12,0,0,0,51,0,2.1,1,13,0,13,0,49,0,0,0,8,0,8,0,13,0,1,5,0,4,0,-19,0,0,0,128,1,1.9,1,10,0,10,0,61,0,0,0,8,0,12,0,-20,0,2,7,0,6,0,-27,0,1,0,209,1,1.8,1,-16,1,-16,1,68,0,0,0,6,0,-17,0,-82,0,4,7,0,7,0,-27,0,2,0,172,1,0.4,1,-2,0,-2,0,83,0,0,0,-22,0,-99,0,-9,0,2
012014,10697,MCIC Vermont Inc Risk Retention Group,48,0,46,0,5,0,0,0,118,1,1.2,1,-13,1,-10,0,78,0,0,0,-8,0,999,1,401,1,5,40,0,38,0,418,1,0,0,110,1,2.5,1,999,1,999,1,66,0,0,0,999,1,999,1,0,0,7,986,1,411,1,3,0,0,0,99,0,1.5,1,-9,0,-9,0,287,1,1,0,0,0,0,0,17,0,4,999,1,366,1,6,0,0,0,101,1,2.7,1,2,0,2,0,460,1,31,0,0,0,0,0,24,0,5
003667,34231,Medical Liability Mutual Insurance Co,23,0,22,0,-16,0,0,0,80,0,1.7,1,2,0,2,0,65,0,0,0,-11,0,-25,0,-28,0,1,28,0,27,0,-8,0,0,0,78,0,2.4,1,16,0,16,0,71,0,0,0,-13,0,-25,0,-16,0,1,35,0,35,0,-3,0,0,0,93,0,2.1,1,21,0,21,0,73,0,0,0,-10,0,-18,0,-15,0,1,44,0,43,0,-1,0,0,0,97,0,2.1,1,9,0,9,0,76,0,0,0,-8,0,-21,0,-19,0,1
004524,00000,Mercury General Group (G),231,0,203,0,5,0,0,0,95,0,4.4,0,0,0,-5,0,69,0,6,0,2,0,3,0,3,0,0,218,0,193,0,4,0,0,0,94,0,4.4,0,-5,0,-6,0,69,0,6,0,1,0,3,0,3,0,0,200,0,175,0,3,0,0,0,96,0,5.1,0,6,0,6,0,65,0,6,0,1,0,5,0,5,0,0,210,0,181,0,3,0,0,0,95,0,4.8,0,-4,0,-4,0,67,0,6,0,3,0,4,0,2,0,0
003933,00000,MetLife Auto & Home Group (G),258,0,151,0,2,0,0,0,90,0,4.8,0,-2,0,-2,0,58,0,2,0,-3,0,-7,0,0,0,0,249,0,145,0,3,0,0,0,89,0,5.2,0,7,0,7,0,58,0,2,0,-3,0,-5,0,4,0,0,261,0,152,0,6,0,0,0,90,0,5.0,0,12,0,12,0,61,0,2,0,-2,0,-7,0,3,0,0,277,0,160,0,4,0,0,0,94,0,5.3,0,7,0,7,0,66,0,2,0,-4,0,-7,0,1,0,0
000358,00000,Michigan Farm Bureau Group (G),157,0,109,0,7,0,0,0,91,0,4.3,0,29,0,13,0,59,0,12,0,-1,0,-7,0,2,0,0,191,0,131,0,7,0,1,0,94,0,4.4,0,8,0,8,0,65,0,16,0,-3,0,-6,0,6,0,0,186,0,132,0,10,0,1,0,95,0,4.0,0,23,0,23,0,66,0,16,0,-2,0,-1,0,3,0,0,230,0,148,0,5,0,1,0,101,1,4.1,0,9,0,8,0,73,0,23,0,1,0,-2,0,-3,0,1
003475,15819,Montana State Fund,35,0,32,0,1,0,0,0,75,0,2.7,1,16,0,16,0,82,0,2,0,-7,0,-8,0,2,0,1,39,0,37,0,2,0,0,0,85,0,2.8,1,19,0,19,0,91,0,2,0,-2,0,-6,0,6,0,1,46,0,43,0,4,0,0,0,87,0,3.0,0,17,0,17,0,92,0,2,0,-4,0,-7,0,-17,0,0,53,0,49,0,-5,0,0,0,90,0,3.4,0,7,0,7,0,93,0,3,0,2,0,4,0,-39,0,0
003014,00000,Mortgage Guaranty Group (G),76,0,65,0,15,0,0,0,94,0,2.2,1,1,0,4,0,73,0,5,0,-7,0,-10,0,47,1,2,73,0,57,0,-1,0,1,0,99,0,1.7,1,0,0,0,0,74,0,5,0,-6,0,5,0,44,1,2,69,0,58,0,-10,0,0,0,156,1,1.8,1,112,1,5,0,74,0,5,0,-8,0,51,1,59,1,5,157,0,137,0,-6,0,0,0,178,1,1.9,1,-55,1,-59,1,93,0,12,0,34,1,24,1,133,1,7
018236,00000,Motorists Insurance Pool (G),164,0,93,0,-1,0,0,0,95,0,2.9,1,0,0,0,0,87,0,9,0,-3,0,-5,0,-1,0,1,171,0,94,0,1,0,0,0,95,0,2.5,1,-3,0,-3,0,86,0,8,0,-3,0,-3,0,5,0,1,153,0,91,0,4,0,0,0,99,0,2.9,1,16,0,16,0,80,0,6,0,-1,0,-2,0,3,0,1,170,0,101,0,3,0,0,0,105,1,2.6,1,4,0,4,0,89,0,7,0,-1,0,-4,0,-2,0,2
018782,00000,MS&AD US Insurance Group (G),142,0,57,0,5,0,1,0,91,0,2.3,1,1,0,1,0,68,0,9,0,-4,0,-10,0,-12,0,1,134,0,55,0,2,0,1,0,92,0,2.6,1,3,0,3,0,67,0,13,0,-5,0,-10,0,-9,0,1,130,0,55,0,9,0,1,0,94,0,2.9,1,6,0,6,0,66,0,10,0,-5,0,-11,0,-4,0,1,124,0,53,0,3,0,1,0,90,0,3.3,0,3,0,3,0,65,0,11,0,-5,0,-13,0,-3,0,0
018753,00000,Munich-American Holding Corp Companies (G),170,0,66,0,-18,0,1,0,84,0,2.3,1,-3,0,-3,0,97,0,4,0,-3,0,-7,0,-17,0,1,130,0,78,0,5,0,1,0,80,0,2.6,1,0,0,0,0,89,0,6,0,-4,0,-10,0,-1,0,1,124,0,74,0,6,0,0,0,82,0,2.9,1,11,0,11,0,89,0,6,0,-5,0,-12,0,-2,0,1,129,0,77,0,3,0,0,0,84,0,3.1,0,7,0,6,0,96,0,6,0,-6,0,-9,0,-12,0,0
018863,00000,National General Companies (G),358,0,153,0,13,0,2,0,93,0,2.9,1,10,0,-4,0,92,0,28,0,1,0,1,0,1,0,1,331,0,149,0,44,1,2,0,97,0,3.0,0,12,0,-1,0,80,0,28,0,0,0,3,0,18,0,1,307,0,116,0,-17,0,2,0,98,0,2.7,1,1,0,-4,0,72,0,13,0,2,0,-1,0,12,0,1,292,0,140,0,0,0,2,0,97,0,3.1,0,-1,0,-12,1,84,0,23,0,1,0,0,0,8,0,1
005987,00000,Nationwide Group (G),276,0,126,0,4,0,0,0,99,0,3.3,0,2,0,2,0,122,1,26,0,2,0,3,0,1,0,1,267,0,123,0,5,0,0,0,97,0,2.9,1,3,0,3,0,123,1,24,0,2,0,1,0,5,0,2,256,0,121,0,6,0,0,0,97,0,3.2,0,4,0,4,0,116,1,23,0,0,0,0,0,6,0,1,259,0,119,0,4,0,0,0,102,1,3.9,0,-1,0,-1,0,121,1,21,0,-1,0,-4,0,2,0,2
018081,00000,Navigators Insurance Group (G),146,0,80,0,1,0,4,0,86,0,2.8,1,6,0,6,0,67,0,4,0,-7,0,-7,0,-12,0,1,152,0,84,0,11,0,4,0,86,0,2.8,1,11,0,11,0,67,0,9,0,-6,0,-4,0,1,0,1,156,0,85,0,9,0,5,0,91,0,2.6,1,18,0,10,0,66,0,8,0,0,0,3,0,24,0,1,165,0,91,0,15,0,4,0,94,0,2.7,1,3,0,3,0,72,0,13,0,-3,0,-3,0,21,0,1
003985,00000,NJM Insurance Group (G),72,0,71,0,-3,0,0,0,92,0,2.4,1,3,0,3,0,66,0,1,0,-2,0,-7,0,-2,0,1,77,0,75,0,3,0,0,0,93,0,2.3,1,5,0,5,0,68,0,1,0,-7,0,-7,0,-1,0,1,78,0,76,0,9,0,0,0,107,1,2.4,1,11,0,11,0,70,0,2,0,-1,0,0,0,9,0,2,79,0,77,0,6,0,0,0,114,1,2.8,1,-9,0,-9,0,72,0,3,0,0,0,0,0,2,0,2
018539,00000,NORCAL Group (G),72,0,45,0,-2,0,0,0,93,0,2.7,1,1,0,1,0,83,0,1,0,-7,0,-12,0,-4,0,1,77,0,46,0,-3,0,0,0,98,0,2.4,1,1,0,1,0,65,0,1,0,-7,0,-11,0,-9,0,1,85,0,48,0,1,0,0,0,96,0,2.2,1,5,0,5,0,66,0,1,0,-5,0,-14,0,-4,0,1,87,0,49,0,5,0,0,0,92,0,2.4,1,5,0,9,0,68,0,2,0,-11,0,-19,0,-18,0,1
018279,00000,North Carolina FB Insurance Grp (G),90,0,67,0,6,0,1,0,88,0,2.4,1,7,0,7,0,39,0,0,0,-5,0,-8,0,-4,0,1,94,0,67,0,-8,0,1,0,89,0,2.4,1,8,0,8,0,40,0,0,0,-5,0,-8,0,-4,0,1,101,0,79,0,5,0,0,0,93,0,2.4,1,12,0,12,0,42,0,0,0,-5,0,-8,0,-4,0,1,113,0,84,0,-14,0,0,0,115,1,2.4,1,10,0,10,0,46,0,1,0,-5,0,-5,0,-5,0,2
011284,34215,Nuclear Electric Insurance Limited,7,0,5,0,-3,0,0,0,133,1,3.0,1,-2,0,-2,0,26,0,0,0,4,0,10,0,0,0,2,7,0,5,0,3,0,0,0,114,1,2.4,1,1,0,1,0,31,0,0,0,5,0,6,0,0,0,2,7,0,5,0,23,0,0,0,182,1,3.5,0,9,0,9,0,29,0,1,0,1,0,14,0,0,0,1,8,0,5,0,-29,0,0,0,161,1,2.8,1,0,0,0,0,38,0,1,0,15,0,15,0,0,0,2
000734,00000,Old Republic Insurance Group (G),159,0,84,0,0,0,2,0,87,0,3.4,0,2,0,-3,0,82,0,18,0,-3,0,-2,0,13,0,0,159,0,86,0,6,0,1,0,87,0,3.1,0,-7,0,-16,1,83,0,19,0,-1,0,-6,0,24,0,1,135,0,75,0,3,0,1,0,95,0,3.0,0,18,0,15,0,86,0,17,0,-9,0,0,0,-9,0,0,153,0,86,0,4,0,1,0,109,1,3.4,0,3,0,3,0,89,0,19,0,3,0,12,0,0,0,1
018426,00000,Palisades Group (G),302,0,188,0,6,0,0,0,97,0,1.6,1,-3,0,-3,0,82,0,2,0,-6,0,-10,0,2,0,1,286,0,173,0,4,0,1,0,96,0,1.9,1,9,0,17,0,79,0,2,0,-5,0,-18,0,6,0,1,313,0,182,0,7,0,1,0,103,1,1.6,1,22,0,22,0,84,0,2,0,-14,0,-8,0,6,0,2,374,0,207,0,-4,0,1,0,108,1,2.0,1,-7,0,-7,0,94,0,3,0,-3,0,4,0,-11,0,2
018470,00000,PartnerRe U.S. Group (G),141,0,80,0,0,0,0,0,84,0,2.4,1,-1,0,-1,0,75,0,13,0,-16,0,-26,0,2,0,1,131,0,79,0,8,0,0,0,86,0,2.4,1,6,0,7,0,71,0,6,0,-15,0,-26,0,27,1,2,113,0,78,0,23,0,0,0,83,0,2.7,1,6,0,5,0,73,0,7,0,-12,0,-29,0,23,0,1,91,0,67,0,3,0,0,0,82,0,3.2,0,10,0,10,0,75,0,6,0,-15,0,-21,0,-15,0,0
000754,00000,Pekin Insurance Group (G),222,0,116,0,6,0,0,0,96,0,2.7,1,6,0,6,0,78,0,19,0,0,0,-6,0,-2,0,1,220,0,116,0,6,0,0,0,97,0,2.9,1,-1,0,-1,0,79,0,19,0,-3,0,-8,0,-1,0,1,202,0,108,0,7,0,0,0,96,0,3.1,0,6,0,6,0,80,0,17,0,-5,0,-8,0,-5,0,0,196,0,107,0,9,0,0,0,98,0,3.5,0,5,0,5,0,77,0,14,0,-5,0,-14,0,-2,0,0
000766,00000,Penn National Insurance Companies (G),214,0,116,0,1,0,0,0,94,0,3.1,0,2,0,2,0,86,0,18,0,-2,0,-5,0,0,0,0,215,0,117,0,3,0,0,0,94,0,3.3,0,3,0,3,0,83,0,19,0,-4,0,-3,0,8,0,0,214,0,117,0,8,0,0,0,96,0,3.2,0,14,0,14,0,79,0,19,0,1,0,9,0,19,0,0,232,0,124,0,10,0,0,0,101,1,3.6,0,5,0,5,0,84,0,21,0,8,0,4,0,13,0,1
002888,41467,Physicians Reciprocal Insurers,999,1,999,1,-24,0,0,0,106,1,2.5,1,-99,1,-99,1,131,1,999,1,999,1,999,1,0,0,10,999,1,999,1,-1,0,0,0,98,0,2.8,1,-99,1,-99,1,129,1,999,1,999,1,999,1,999,1,10,999,1,999,1,3,0,0,0,96,0,3.3,0,-99,1,-99,1,139,1,999,1,999,1,999,1,999,1,9,999,1,999,1,-1,0,999,1,100,0,3.5,0,-99,1,-99,1,143,1,999,1,999,1,999,1,999,1,10
003471,41190,Pinnacol Assurance,69,0,68,0,11,0,0,0,85,0,2.8,1,10,0,10,0,63,0,4,0,-3,0,-8,0,12,0,1,68,0,68,0,18,0,0,0,93,0,3.4,0,36,0,20,0,65,0,3,0,-4,0,-6,0,9,0,0,78,0,78,0,13,0,0,0,101,1,3.8,0,2,0,2,0,71,0,3,0,-4,0,-15,0,4,0,1,70,0,70,0,13,0,0,0,107,1,4.4,0,6,0,6,0,69,0,3,0,-13,0,-23,0,13,0,1
003267,00000,PMI Mortgage Group (G),999,1,999,1,68,1,999,1,87,0,1.8,1,-99,1,-99,1,268,1,999,1,999,1,999,1,999,1,12,999,1,999,1,-64,1,999,1,0,0,1.5,1,-99,1,-99,1,225,1,999,1,999,1,999,1,0,0,11,999,1,999,1,-3,0,999,1,32,0,1.5,1,-99,1,-99,1,207,1,999,1,4,0,999,1,0,0,9,999,1,999,1,-23,0,999,1,425,1,1.7,1,-99,1,-99,1,218,1,999,1,999,1,137,1,999,1,12
018830,00000,ProAssurance Insurance Group (G),62,0,39,0,-3,0,0,0,62,0,3.1,0,-11,1,-11,1,69,0,2,0,-8,0,-18,0,-15,0,2,53,0,35,0,-8,0,0,0,57,0,3.0,0,-4,0,-4,0,64,0,1,0,-10,0,-22,0,-10,0,0,50,0,37,0,-5,0,0,0,49,0,3.1,0,-1,0,-1,0,65,0,1,0,-13,0,-29,0,-13,0,0,54,0,39,0,-2,0,0,0,39,0,3.4,0,3,0,3,0,64,0,2,0,-16,0,-38,0,-9,0,0
000780,00000,Progressive Insurance Group (G),571,0,275,0,7,0,0,0,90,0,2.1,1,7,0,6,0,79,0,8,0,-5,0,-3,0,-5,0,1,575,0,275,0,8,0,0,0,91,0,2.1,1,9,0,7,0,80,0,9,0,-1,0,-1,0,4,0,1,583,0,277,0,6,0,0,0,92,0,2.3,1,8,0,7,0,81,0,9,0,0,0,1,0,1,0,1,600,0,282,0,9,0,0,0,92,0,2.5,1,7,0,5,0,83,0,9,0,0,0,-6,0,-2,0,1
000419,00000,ProSight Specialty Group (G),237,0,133,0,14,0,1,0,95,0,2.3,1,8,0,0,0,104,1,33,0,11,0,5,0,18,0,2,226,0,126,0,28,0,1,0,90,0,2.2,1,37,0,-1,0,93,0,29,0,-2,0,-1,0,35,1,2,239,0,135,0,38,1,2,0,91,0,2.3,1,4,0,4,0,100,1,46,1,0,0,-7,0,55,1,5,184,0,101,0,51,1,2,0,96,0,2.6,1,7,0,7,0,95,0,33,0,-2,0,-12,0,17,0,2
018713,00000,QBE Americas Group (G),479,0,126,0,-14,0,4,0,100,0,1.2,1,2,0,10,0,138,1,14,0,2,0,3,0,-2,0,2,509,0,150,0,-9,0,1,0,105,1,0.9,1,0,0,0,0,130,1,19,0,1,0,9,0,-13,0,3,566,0,163,0,-6,0,1,0,108,1,0.6,1,-20,1,-20,1,122,1,25,0,8,0,17,0,-10,0,5,559,0,140,0,-25,0,1,0,102,1,0.8,1,-9,0,-10,0,109,1,20,0,9,0,9,0,7,0,3
075149,11409,Queen City Assurance Inc,8,0,8,0,1,0,0,0,0,0,3.2,0,8,0,8,0,320,1,0,0,0,0,0,0,0,0,1,8,0,8,0,0,0,0,0,0,0,3.2,0,9,0,9,0,497,1,0,0,0,0,0,0,0,0,1,9,0,9,0,0,0,0,0,0,0,3.4,0,10,0,10,0,511,1,0,0,0,0,0,0,0,0,1,10,0,10,0,488,1,0,0,0,0,3.7,0,11,0,11,0,483,1,0,0,0,0,0,0,0,0,2
018437,00000,Quincy Mutual Group (G),40,0,32,0,0,0,0,0,90,0,2.3,1,-2,0,-2,0,38,0,2,0,-3,0,-5,0,-4,0,1,41,0,31,0,2,0,0,0,81,0,1.9,1,7,0,7,0,38,0,2,0,-3,0,-4,0,0,0,1,40,0,33,0,4,0,0,0,88,0,1.7,1,16,0,16,0,42,0,2,0,-3,0,-2,0,1,0,1,46,0,37,0,5,0,0,0,107,1,2.2,1,9,0,9,0,46,0,3,0,-1,0,0,0,-2,0,2
018150,00000,Radian Group (G),61,0,52,0,5,0,0,0,20,0,8.5,1,30,0,4,0,65,0,2,0,-7,0,-8,0,53,1,2,78,0,65,0,-3,0,0,0,58,0,5.8,0,3,0,-5,0,98,0,3,0,-14,0,-4,0,86,1,1,85,0,69,0,18,0,0,0,108,1,2.4,1,42,0,8,0,108,1,3,0,-2,0,17,0,103,1,4,104,0,83,0,13,0,0,0,160,1,2.9,1,11,0,11,0,116,1,5,0,4,0,13,0,48,1,4
011795,10357,Renaissance Reinsurance US Inc,69,0,62,0,-5,0,1,0,80,0,1.9,1,-2,0,-2,0,67,0,1,0,-9,0,-20,0,-18,0,1,66,0,64,0,-14,0,0,0,75,0,1.9,1,-3,0,-3,0,68,0,1,0,-12,0,-24,0,-25,0,1,73,0,72,0,4,0,0,0,75,0,1.7,1,-1,0,-1,0,69,0,2,0,-14,0,-27,0,-15,0,1,68,0,69,0,-4,0,0,0,86,0,2.0,1,5,0,5,0,70,0,2,0,-14,0,-13,0,-32,0,1
003883,00000,RLI Group (G),99,0,83,0,3,0,1,0,73,0,3.9,0,2,0,2,0,68,0,4,0,-7,0,-10,0,-6,0,0,102,0,83,0,6,0,1,0,73,0,3.5,0,-1,0,-1,0,67,0,4,0,-8,0,-16,0,1,0,0,98,0,78,0,12,0,1,0,74,0,3.3,0,26,0,26,1,64,0,5,0,-11,0,-16,0,2,0,1,115,0,87,0,5,0,2,0,73,0,4.1,0,-4,0,-4,0,69,0,7,0,-10,0,-21,0,-7,0,0
018080,00000,Safety Group (G),184,0,131,0,2,0,1,0,96,0,3.3,0,-9,0,-9,0,66,0,1,0,-4,0,-9,0,-18,0,0,162,0,117,0,5,0,1,0,88,0,3.4,0,0,0,0,0,57,0,1,0,-5,0,-9,0,-8,0,0,153,0,111,0,5,0,1,0,87,0,3.3,0,5,0,5,0,56,0,1,0,-4,0,-6,0,-5,0,0,151,0,111,0,7,0,1,0,92,0,3.7,0,5,0,5,0,55,0,1,0,-2,0,-8,0,-2,0,0
003480,36196,SAIF Corporation,36,0,35,0,3,0,0,0,79,0,3.4,0,8,0,8,0,71,0,0,0,-17,0,-39,0,-2,0,0,38,0,37,0,6,0,0,0,84,0,3.3,0,11,0,11,0,75,0,0,0,-21,0,-42,0,8,0,0,40,0,38,0,9,0,0,0,96,0,3.4,0,18,0,18,0,79,0,0,0,-20,0,-36,0,12,0,0,43,0,41,0,12,0,0,0,106,1,3.7,0,9,0,9,0,86,0,0,0,-18,0,-32,0,19,0,1
003873,00000,SCOR U.S. Group (G),119,0,84,0,7,0,0,0,84,0,1.8,1,34,0,18,0,75,0,12,0,-8,0,-5,0,2,0,1,142,0,105,0,17,0,0,0,91,0,1.3,1,4,0,4,0,78,0,13,0,-2,0,-4,0,-1,0,1,125,0,93,0,-7,0,0,0,105,1,1.5,1,9,0,8,0,80,0,12,0,-4,0,0,0,15,0,2,151,0,109,0,13,0,0,0,109,1,1.6,1,0,0,0,0,84,0,16,0,4,0,6,0,25,0,2
003926,00000,Selective Insurance Group (G),386,0,145,0,10,0,2,0,87,0,2.5,1,9,0,9,0,88,0,23,0,-5,0,-13,0,5,0,1,387,0,144,0,4,0,2,0,89,0,3.0,0,4,0,4,0,90,0,23,0,-6,0,-12,0,3,0,0,388,0,144,0,9,0,2,0,92,0,3.2,0,20,0,14,0,91,0,22,0,-3,0,-7,0,11,0,0,421,0,159,0,12,0,2,0,96,0,3.4,0,-1,0,-14,1,94,0,22,0,-3,0,-9,0,9,0,1
000086,00000,Sentry Insurance Group (G),102,0,42,0,1,0,0,0,82,0,4.5,0,5,0,5,0,65,0,2,0,-2,0,-3,0,-5,0,0,105,0,44,0,0,0,0,0,83,0,4.9,0,2,0,2,0,68,0,3,0,-2,0,-2,0,-2,0,0,109,0,45,0,5,0,0,0,86,0,4.3,0,12,0,12,0,67,0,3,0,-2,0,-3,0,0,0,0,117,0,48,0,6,0,0,0,90,0,4.4,0,6,0,6,0,72,0,3,0,-3,0,-4,0,-2,0,0
000598,00000,Shelter Insurance Companies (G),91,0,87,0,4,0,0,0,92,0,2.8,1,6,0,6,0,57,0,0,0,-3,0,-4,0,-5,0,1,93,0,89,0,5,0,0,0,93,0,2.8,1,7,0,7,0,60,0,1,0,-2,0,-4,0,-2,0,1,96,0,91,0,4,0,0,0,94,0,3.5,0,12,0,12,0,61,0,0,0,-3,0,-5,0,-1,0,0,104,0,98,0,4,0,0,0,102,1,3.9,0,9,0,9,0,62,0,1,0,-5,0,-3,0,-4,0,1
018878,00000,Sompo/Canopius Companies (G),65,0,36,0,1,0,1,0,96,0,2.6,1,-6,0,-9,0,58,0,4,0,-1,0,-6,0,-13,0,1,64,0,34,0,-2,0,1,0,97,0,2.2,1,17,0,14,0,55,0,5,0,-5,0,-6,0,-3,0,1,75,0,41,0,15,0,1,0,91,0,2.3,1,-9,0,-10,1,58,0,6,0,-3,0,-9,0,6,0,2,60,0,32,0,23,0,1,0,84,0,2.6,1,8,0,7,0,52,0,5,0,-6,0,-10,0,7,0,1
004237,00000,Southern Farm Bureau Casualty Group (G),152,0,94,0,0,0,0,0,93,0,2.7,1,3,0,3,0,50,0,1,0,-3,0,-4,0,-5,0,1,155,0,96,0,2,0,0,0,92,0,2.8,1,3,0,3,0,51,0,1,0,-3,0,-3,0,-3,0,1,156,0,97,0,3,0,0,0,91,0,2.8,1,6,0,6,0,50,0,1,0,-2,0,-4,0,-2,0,1,160,0,99,0,3,0,0,0,94,0,3.1,0,9,0,9,0,51,0,1,0,-4,0,-5,0,-2,0,0
018756,00000,Starr International Group (G),125,0,61,0,4,0,4,0,88,0,2.0,1,1,0,1,0,90,0,11,0,2,0,3,0,-8,0,1,117,0,59,0,21,0,3,0,90,0,2.5,1,-2,0,-2,0,91,0,14,0,1,0,3,0,-5,0,1,99,0,48,0,36,1,3,0,91,0,2.5,1,0,0,4,0,81,0,9,0,2,0,9,0,-2,0,2,76,0,35,0,54,1,2,0,91,0,2.5,1,216,1,-11,1,67,0,7,0,4,0,1,0,-4,0,4
000856,00000,State Auto Insurance Companies (G),429,0,170,0,7,0,0,0,99,0,2.3,1,2,0,1,0,104,1,34,0,2,0,7,0,18,0,2,426,0,163,0,12,0,0,0,100,0,2.4,1,-4,0,-4,0,107,1,38,0,6,0,4,0,3,0,2,392,0,139,0,1,0,3,0,101,1,2.5,1,16,0,16,0,96,0,25,0,-3,0,-5,0,-14,0,2,445,0,161,0,-4,0,3,0,107,1,2.4,1,-3,0,-3,0,99,0,29,0,-2,0,-4,0,-26,0,2
004028,35076,State Compensation Insurance Fund of CA,25,0,25,0,7,0,0,0,97,0,3.4,0,3,0,3,0,69,0,1,0,0,0,4,0,36,1,1,24,0,24,0,38,1,0,0,93,0,3.5,0,0,0,0,0,69,0,1,0,4,0,5,0,141,1,2,18,0,17,0,24,0,0,0,71,0,3.7,0,6,0,6,0,69,0,1,0,1,0,1,0,54,1,1,15,0,15,0,-11,0,0,0,79,0,4.0,0,6,0,6,0,71,0,1,0,0,0,-10,0,-8,0,0
000088,00000,State Farm Group (G),78,0,72,0,2,0,0,0,95,0,2.6,1,3,0,3,0,56,0,1,0,0,0,-1,0,1,0,1,78,0,72,0,5,0,0,0,93,0,3.0,1,6,0,6,0,57,0,1,0,-2,0,-4,0,0,0,1,79,0,73,0,5,0,0,0,93,0,3.0,1,16,0,16,0,56,0,1,0,-3,0,-6,0,-1,0,1,88,0,81,0,2,0,0,0,97,0,3.3,0,7,0,7,0,58,0,1,0,-5,0,-5,0,-5,0,0
004029,36102,State Insurance Fund WC Fund,61,0,61,0,3,0,0,0,94,0,3.0,1,7,0,7,0,85,0,2,0,11,0,5,0,3,0,1,64,0,64,0,4,0,0,0,101,1,2.8,1,3,0,3,0,86,0,4,0,-5,0,-79,0,-13,0,2,64,0,64,0,17,0,0,0,99,0,3.0,1,15,0,15,0,88,0,5,0,-82,0,-99,0,4,0,1,62,0,62,0,30,0,0,0,102,1,3.4,0,12,0,12,0,89,0,4,0,-33,0,-23,0,53,1,2
003706,33049,State Volunteer Mutual Insurance Company,25,0,21,0,-1,0,0,0,79,0,2.8,1,4,0,4,0,55,0,0,0,-7,0,-13,0,-8,0,1,28,0,22,0,-6,0,0,0,85,0,2.8,1,4,0,4,0,58,0,0,0,-10,0,-18,0,-22,0,1,31,0,25,0,-21,0,0,0,86,0,2.8,1,7,0,7,0,59,0,0,0,-11,0,-20,0,-27,0,1,34,0,33,0,19,0,1,0,79,0,3.2,0,6,0,6,0,61,0,0,0,-11,0,-22,0,-21,0,0
003481,27677,State Workers' Insurance Fund,999,1,999,1,-4,0,0,0,116,1,2.8,1,-99,1,-99,1,115,1,999,1,16,0,999,1,999,1,10,999,1,999,1,3,0,0,0,116,1,2.6,1,-99,1,-99,1,113,1,999,1,999,1,999,1,999,1,11,999,1,999,1,14,0,0,0,143,1,2.9,1,-99,1,-99,1,113,1,999,1,6,0,999,1,999,1,10,999,1,999,1,22,0,0,0,166,1,3.2,0,-99,1,-99,1,115,1,999,1,999,1,999,1,999,1,10
003262,00000,Swiss Reinsurance Group (G),132,0,44,0,12,0,2,0,72,0,2.3,1,-13,1,-12,1,80,0,8,0,-2,0,-7,0,3,0,3,115,0,34,0,-21,0,1,0,68,0,1.9,1,-8,0,-6,0,75,0,8,0,-4,0,-11,0,11,0,1,110,0,40,0,27,0,2,0,65,0,2.0,1,-5,0,12,0,72,0,5,0,-7,0,-13,0,49,1,2,91,0,30,0,14,0,3,0,67,0,2.1,1,-3,0,-2,0,70,0,4,0,-4,0,-9,0,19,0,1
018773,00000,Syncora Holdings US Group (G),3,0,2,0,-29,0,0,0,160,1,2.9,1,27,0,27,1,30,0,0,0,-15,0,100,1,0,0,4,5,0,4,0,-25,0,0,0,0,0,3.2,0,-12,1,-12,1,48,0,0,0,113,1,225,1,88,1,5,5,0,5,0,-22,0,0,0,0,0,3.1,0,91,1,93,1,36,0,0,0,9,0,15,0,49,1,3,14,0,12,0,-23,0,0,0,0,0,4.4,0,174,1,174,1,83,0,1,0,-10,0,170,1,22,0,3
018154,00000,Tennessee Farmers Insurance Companies (G),81,0,53,0,3,0,0,0,74,0,3.4,0,15,0,15,0,41,0,7,0,-3,0,-4,0,-4,0,0,90,0,59,0,3,0,0,0,75,0,3.5,0,10,0,10,0,46,0,8,0,-3,0,-3,0,-2,0,0,97,0,63,0,4,0,0,0,84,0,3.5,0,14,0,14,0,46,0,8,0,-2,0,-2,0,1,0,0,107,0,70,0,7,0,0,0,116,1,3.6,0,3,0,3,0,51,0,9,0,-2,0,-3,0,0,0,1
018754,00000,Texas Farm Bureau Group (G),245,0,136,0,4,0,0,0,98,0,2.8,1,1,0,1,0,55,0,0,0,0,0,0,0,-2,0,1,233,0,132,0,9,0,0,0,98,0,3.0,1,1,0,1,0,52,0,0,0,1,0,0,0,2,0,1,215,0,122,0,9,0,0,0,100,1,3.1,0,4,0,4,0,50,0,0,0,0,0,-2,0,1,0,1,202,0,117,0,21,0,0,0,102,1,3.4,0,-2,0,-2,0,49,0,0,0,-2,0,-1,0,-4,0,1
011453,22945,Texas Mutual Insurance Company,41,0,41,0,-4,0,0,0,81,0,2.7,1,9,0,9,0,60,0,2,0,-7,0,-10,0,-8,0,1,46,0,46,0,11,0,0,0,85,0,2.8,1,10,0,10,0,59,0,1,0,-4,0,-7,0,7,0,1,46,0,46,0,15,0,0,0,87,0,2.8,1,20,0,20,0,58,0,1,0,-6,0,-11,0,10,0,1,48,0,48,0,25,0,0,0,90,0,3.2,0,15,0,15,0,61,0,1,0,-10,0,-19,0,6,0,0
004294,00000,The Cincinnati Insurance Companies (G),120,0,99,0,5,0,0,0,84,0,3.8,0,-1,0,-1,0,62,0,8,0,-4,0,-5,0,-3,0,0,113,0,93,0,6,0,0,0,85,0,3.9,0,3,0,3,0,61,0,7,0,-2,0,-5,0,3,0,0,110,0,90,0,12,0,0,0,84,0,4.0,0,11,0,11,0,61,0,8,0,-5,0,-12,0,4,0,0,108,0,89,0,12,0,0,0,90,0,4.4,0,4,0,4,0,63,0,8,0,-11,0,-14,0,0,0,0
001730,42439,Toa Reinsurance Company of America,64,0,54,0,4,0,0,0,80,0,2.7,1,-6,0,-6,0,63,0,2,0,-2,0,-3,0,-3,0,1,59,0,49,0,-13,0,0,0,80,0,2.5,1,5,0,5,0,62,0,1,0,-2,0,-5,0,-7,0,1,70,0,59,0,3,0,0,0,87,0,2.7,1,14,0,14,0,63,0,1,0,-2,0,-3,0,17,0,1,79,0,65,0,33,1,0,0,86,0,2.9,1,2,0,2,0,69,0,2,0,0,0,-1,0,45,1,3
018733,00000,Tokio Marine US PC Group (G),117,0,87,0,26,0,1,0,80,0,4.4,0,-1,0,-8,0,80,0,13,0,0,0,-1,0,13,0,0,97,0,69,0,7,0,1,0,77,0,3.8,0,7,0,3,0,72,0,5,0,-1,0,-2,0,-4,0,0,98,0,69,0,8,0,1,0,77,0,4.3,0,8,0,6,0,69,0,5,0,-1,0,0,0,0,0,0,97,0,68,0,7,0,1,0,80,0,4.4,0,6,0,5,0,71,0,5,0,0,0,0,0,-6,0,0
018674,00000,Travelers Group (G),302,0,112,0,2,0,0,0,76,0,3.9,0,-2,0,-2,0,87,0,10,0,-4,0,-11,0,1,0,0,290,0,108,0,1,0,0,0,76,0,4.0,0,-1,0,-1,0,87,0,10,0,-7,0,-11,0,-5,0,0,290,0,106,0,0,0,1,0,81,0,4.1,0,6,0,3,0,86,0,9,0,-4,0,-8,0,1,0,0,303,0,111,0,2,0,1,0,89,0,4.4,0,4,0,4,0,88,0,9,0,-4,0,-7,0,0,0,0
003875,00000,United Fire & Casualty Group (G),227,0,123,0,10,0,0,0,88,0,3.3,0,5,0,5,0,82,0,10,0,-3,0,-9,0,7,0,0,217,0,117,0,11,0,0,0,89,0,3.1,0,3,0,3,0,84,0,10,0,-5,0,-11,0,7,0,0,203,0,109,0,10,0,0,0,89,0,3.2,0,14,0,14,0,83,0,9,0,-9,0,-12,0,3,0,0,211,0,112,0,12,0,0,0,96,0,3.9,0,4,0,3,0,89,0,10,0,-11,0,-11,0,-7,0,0
004080,00000,USAA Group (G),101,0,67,0,7,0,0,0,93,0,3.4,0,7,0,7,0,64,0,3,0,0,0,-1,0,-1,0,0,98,0,67,0,9,0,0,0,90,0,2.8,1,10,0,10,0,63,0,2,0,-1,0,-3,0,0,0,1,97,0,67,0,11,0,0,0,90,0,3.4,0,13,0,13,0,65,0,3,0,-2,0,-3,0,0,0,0,97,0,68,0,9,0,0,0,95,0,3.5,0,9,0,9,0,69,0,3,0,-2,0,-1,0,-2,0,0
004202,00000,Utica National Insurance Group (G),188,0,95,0,6,0,0,0,93,0,3.0,0,1,0,1,0,82,0,31,0,-2,0,-5,0,10,0,0,170,0,90,0,5,0,0,0,97,0,3.2,0,4,0,4,0,79,0,26,0,-3,0,0,0,14,0,0,159,0,89,0,7,0,0,0,103,1,2.9,1,5,0,5,0,79,0,23,0,3,0,1,0,24,0,2,153,0,87,0,-1,0,0,0,111,1,3.1,0,1,0,1,0,81,0,23,0,1,0,8,0,27,1,2
002314,40827,"Virginia Surety Company, Inc.",241,0,82,0,-9,0,4,0,75,0,3.4,0,21,0,9,0,75,0,2,0,-2,0,-1,0,2,0,0,266,0,110,0,-4,0,4,0,71,0,3.6,0,-3,0,-3,0,79,0,5,0,0,0,-2,0,5,0,0,237,0,111,0,4,0,4,0,73,0,4.0,0,6,0,6,0,77,0,5,0,-2,0,-3,0,15,0,0,223,0,112,0,12,0,3,0,75,0,4.2,0,2,0,2,0,77,0,3,0,0,0,-16,0,14,0,0
018252,00000,W. R. Berkley Insurance Group (G),211,0,100,0,5,0,1,0,79,0,3.0,0,-3,0,-3,0,106,1,34,0,-2,0,-4,0,11,0,1,197,0,93,0,9,0,1,0,81,0,4.6,0,11,0,10,0,101,1,30,0,-3,0,-3,0,16,0,1,211,0,94,0,13,0,1,0,84,0,3.1,0,5,0,3,0,101,1,31,0,-2,0,-3,0,18,0,1,162,0,87,0,10,0,1,0,85,0,3.7,0,14,0,-27,1,93,0,17,0,-2,0,-6,0,12,0,1
018894,00000,WCF Insurance Group (G),30,0,28,0,6,0,0,0,83,0,3.0,1,7,0,7,0,65,0,1,0,-1,0,-1,0,9,0,1,30,0,29,0,10,0,0,0,86,0,3.2,0,6,0,6,0,64,0,1,0,-1,0,-2,0,11,0,0,29,0,28,0,5,0,0,0,92,0,3.3,0,12,0,12,0,65,0,1,0,-2,0,-1,0,-1,0,0,32,0,30,0,1,0,0,0,101,1,3.7,0,7,0,6,0,67,0,1,0,0,0,1,0,-7,0,1
000964,15350,West Bend Mutual Insurance Company,121,0,109,0,7,0,1,0,89,0,2.4,1,7,0,7,0,66,0,3,0,-5,0,-7,0,0,0,1,120,0,109,0,10,0,1,0,89,0,2.5,1,19,0,9,0,67,0,5,0,-5,0,-10,0,2,0,1,131,0,118,0,12,0,1,0,88,0,2.7,1,13,0,13,0,71,0,6,0,-5,0,-6,0,5,0,1,131,0,118,0,11,0,1,0,94,0,3.2,0,12,0,12,0,71,0,7,0,-3,0,-4,0,-1,0,0
000730,00000,Westfield Group (G),251,0,89,0,2,0,0,0,89,0,3.6,0,5,0,5,0,65,0,4,0,-3,0,-7,0,-4,0,0,258,0,91,0,3,0,0,0,88,0,3.6,0,5,0,5,0,65,0,5,0,-5,0,-9,0,-2,0,0,261,0,93,0,4,0,0,0,89,0,3.4,0,19,0,19,0,64,0,5,0,-6,0,-11,0,-2,0,0,295,0,105,0,5,0,0,0,97,0,3.8,0,12,0,12,0,69,0,5,0,-7,0,-12,0,-5,0,0
018490,00000,White Mountains Insurance Group (G),248,0,94,0,-47,1,1,0,100,1,1.5,1,-15,1,-6,0,86,0,10,0,0,0,14,0,-51,0,4,211,0,151,0,14,0,0,0,97,0,1.2,1,7,0,-3,0,89,0,9,0,10,0,5,0,85,1,2,202,0,141,0,11,0,0,0,85,0,0.1,1,-22,1,0,0,84,0,8,0,0,0,0,0,138,1,3,161,0,100,0,561,1,0,0,81,0,0.8,1,219,1,-7,0,80,0,12,0,-3,0,-17,0,-63,0,3
018874,00000,XL CatlinAmerica Group (G),392,0,66,0,3,0,5,0,91,0,2.2,1,-8,0,-10,0,94,0,19,0,2,0,-2,0,2,0,1,347,0,59,0,-3,0,4,0,87,0,2.6,1,0,0,-1,0,91,0,19,0,-2,0,-4,0,-1,0,1,319,0,61,0,5,0,3,0,92,0,2.2,1,1,0,-2,0,83,0,13,0,-1,0,-2,0,16,0,1,283,0,58,0,13,0,2,0,97,0,2.9,1,6,0,6,0,81,0,14,0,-1,0,-1,0,-1,0,1
018549,00000,Zurich Financial Services NA Group (G),232,0,58,0,-4,0,2,0,86,0,2.6,1,-2,0,-2,0,112,1,42,1,1,0,1,0,1,0,3,226,0,59,0,-2,0,1,0,82,0,2.5,1,3,0,3,0,109,1,45,1,0,0,0,0,3,0,3,238,0,62,0,8,0,2,0,83,0,2.6,1,2,0,8,0,117,1,54,1,-1,0,-1,0,15,0,3,236,0,59,0,6,0,2,0,84,0,3.2,0,8,0,14,0,117,1,61,1,0,0,-3,0,4,0,2
