,,,#NAME?,,,,,,,,,,,,,,,,,,,,,,,,,,,,,,,,,,,,,,,,,,,,,,,,,,,,,,,,,,,,,,,,,,,,,,,,,,,,,,,,,,,,,,,,,,,,,,,,,,,,,,,,,,,,,,,,,,,,,,,,,,,,,,,,,,,,,,,,,,,,,,,,,,,,,,,,,,,,,,,,,,,,,,,,,,,,,,,,,,,,,,,,,,,,,,,,,,,,,,,,,,,,,,,,,,,,,,,,,,,,,,,,,,,,,,,,,,,,,,,,,,,,,,,,,,,,,,,,,,,,,,,,,,,,,
,,,,,,,,,,,,,,,,,,,,,,,,,,,,,,,,,,,,,,,,,,,,,,,,,,,,,,,,,,,,,,,,,,,,,,,,,,,,,,,,,,,,,,,,,,,,,,,,,,,,,,,,,,,,,,,,,,,,,,,,,,,,,,,,,,,,,,,,,,,,,,,,,,,,,,,,,,,,,,,,,,,,,,,,,,,,,,,,,,,,,,,,,,,,,,,,,,,,,,,,,,,,,,,,,,,,,,,,,,,,,,,,,,,,,,,,,,,,,,,,,,,,,,,,,,,,,,,,,,,,,,,,,,,,,,,,
,,,2010,,,,,,,,,,,,,,,,,,,,,,,,,,,,,,,,,,,,,,,,,,,,,2011,,,,,,,,,,,,,,,,,,,,,,,,,,,,,,,,,,,,,,,,,,,,,2012,,,,,,,,,,,,,,,,,,,,,,,,,,,,,,,,,,,,,,,,,,,,,2013,,,,,,,,,,,,,,,,,,,,,,,,,,,,,,,,,,,,,,,,,,,,,2014,,,,,,,,,,,,,,,,,,,,,,,,,,,,,,,,,,,,,,,,,,,,,2015,,,,,,,,,,,,,,,,,,,,,,,,,,,,,,,,,,,,,,,,,,,,
,,,HS00093,HS00100,HS00111,HS00178,HS00187,HS00263,HS00270,HS00271,HS06177,HS06179,HS06180,HS00029,HS00085,HS00086,HS00087,HS00088,HS00089,HS00090,HS00091,HS00092,HS00094,HS00095,HS00096,HS00097,HS00099,HS00101,HS00102,HS00103,HS00104,HS00105,HS00108,HS00110,HS06142,HS06143,HS06144,HS06145,HS06146,HS06147,HS06148,HS06149,HS06150,HS06151,HS07857,HS12695,HS12696,HS00093,HS00100,HS00111,HS00178,HS00187,HS00263,HS00270,HS00271,HS06177,HS06179,HS06180,HS00029,HS00085,HS00086,HS00087,HS00088,HS00089,HS00090,HS00091,HS00092,HS00094,HS00095,HS00096,HS00097,HS00099,HS00101,HS00102,HS00103,HS00104,HS00105,HS00108,HS00110,HS06142,HS06143,HS06144,HS06145,HS06146,HS06147,HS06148,HS06149,HS06150,HS06151,HS07857,HS12695,HS12696,HS00093,HS00100,HS00111,HS00178,HS00187,HS00263,HS00270,HS00271,HS06177,HS06179,HS06180,HS00029,HS00085,HS00086,HS00087,HS00088,HS00089,HS00090,HS00091,HS00092,HS00094,HS00095,HS00096,HS00097,HS00099,HS00101,HS00102,HS00103,HS00104,HS00105,HS00108,HS00110,HS06142,HS06143,HS06144,HS06145,HS06146,HS06147,HS06148,HS06149,HS06150,HS06151,HS07857,HS12695,HS12696,HS00093,HS00100,HS00111,HS00178,HS00187,HS00263,HS00270,HS00271,HS06177,HS06179,HS06180,HS00029,HS00085,HS00086,HS00087,HS00088,HS00089,HS00090,HS00091,HS00092,HS00094,HS00095,HS00096,HS00097,HS00099,HS00101,HS00102,HS00103,HS00104,HS00105,HS00108,HS00110,HS06142,HS06143,HS06144,HS06145,HS06146,HS06147,HS06148,HS06149,HS06150,HS06151,HS07857,HS12695,HS12696,HS00093,HS00100,HS00111,HS00178,HS00187,HS00263,HS00270,HS00271,HS06177,HS06179,HS06180,HS00029,HS00085,HS00086,HS00087,HS00088,HS00089,HS00090,HS00091,HS00092,HS00094,HS00095,HS00096,HS00097,HS00099,HS00101,HS00102,HS00103,HS00104,HS00105,HS00108,HS00110,HS06142,HS06143,HS06144,HS06145,HS06146,HS06147,HS06148,HS06149,HS06150,HS06151,HS07857,HS12695,HS12696,HS00093,HS00100,HS00111,HS00178,HS00187,HS00263,HS00270,HS00271,HS06177,HS06179,HS06180,HS00029,HS00085,HS00086,HS00087,HS00088,HS00089,HS00090,HS00091,HS00092,HS00094,HS00095,HS00096,HS00097,HS00099,HS00101,HS00102,HS00103,HS00104,HS00105,HS00108,HS00110,HS06142,HS06143,HS06144,HS06145,HS06146,HS06147,HS06148,HS06149,HS06150,HS06151,HS07857,HS12695,HS12696
AMB#,NAIC#,Company Name,"Netadmit cash,equiv shrt trm inv",Netadmit amts recov fr reinsurers,Netadmit total assets,Liab tot total liabilities,Total capital and surplus,Cash prem & rev coll net of reinsur,Cash fed & foreign inc tax recov,Cash net cash from operations,Cash beneft & loss related payments,"Cash comm, exp pd & agg w-i deduct",Cash dividends paid to policyholder,Netadmit net deferred tax asset,Netadmit asts bonds,Netadmit preferred stocks,Netadmit common stocks,Netadmit mtg loan on r e frst lein,Netadmit mtg loan on r e other,Netadmit real est prop occ by co,Netadmit real est prop held prod,Netadmit real est prop held sale,Netadmit other long trm inv asts,Netadmit receivable for security,Netadmit agg write-in inv asts,Netadmit subt c & i a,Netadmit health care receivables,Netadmit net adj a&l due for exch,Netadmit invest income due & accrue,Netadmit amt due fr p s & a,Netadmit amt rec unins a & h plans,Netadmit furn & equip,Netadmit elec data process equip,Netadmit agg write-in other,Netadmit asts contract loans,Netadmit asts prem & bal course col,"Netadmit asts prem, bal & install d",Netadmit asts accrued retro premium,Netadmit asts fnd held\dep w\ rein,Netadmit asts oth amt rec und rein,Netadmit asts fed & fit recoverable,Netadmit asts guar funds recvbl\dep,"Netadmit asts tot ast excl s,s & pc","Netadmit asts frm sep, seg & pc acc",Netadmit title plants,Netadmit asts derivatives,Netadmit asts secur lend reinvest collateral asset,"Netadmit cash,equiv shrt trm inv",Netadmit amts recov fr reinsurers,Netadmit total assets,Liab tot total liabilities,Total capital and surplus,Cash prem & rev coll net of reinsur,Cash fed & foreign inc tax recov,Cash net cash from operations,Cash beneft & loss related payments,"Cash comm, exp pd & agg w-i deduct",Cash dividends paid to policyholder,Netadmit net deferred tax asset,Netadmit asts bonds,Netadmit preferred stocks,Netadmit common stocks,Netadmit mtg loan on r e frst lein,Netadmit mtg loan on r e other,Netadmit real est prop occ by co,Netadmit real est prop held prod,Netadmit real est prop held sale,Netadmit other long trm inv asts,Netadmit receivable for security,Netadmit agg write-in inv asts,Netadmit subt c & i a,Netadmit health care receivables,Netadmit net adj a&l due for exch,Netadmit invest income due & accrue,Netadmit amt due fr p s & a,Netadmit amt rec unins a & h plans,Netadmit furn & equip,Netadmit elec data process equip,Netadmit agg write-in other,Netadmit asts contract loans,Netadmit asts prem & bal course col,"Netadmit asts prem, bal & install d",Netadmit asts accrued retro premium,Netadmit asts fnd held\dep w\ rein,Netadmit asts oth amt rec und rein,Netadmit asts fed & fit recoverable,Netadmit asts guar funds recvbl\dep,"Netadmit asts tot ast excl s,s & pc","Netadmit asts frm sep, seg & pc acc",Netadmit title plants,Netadmit asts derivatives,Netadmit asts secur lend reinvest collateral asset,"Netadmit cash,equiv shrt trm inv",Netadmit amts recov fr reinsurers,Netadmit total assets,Liab tot total liabilities,Total capital and surplus,Cash prem & rev coll net of reinsur,Cash fed & foreign inc tax recov,Cash net cash from operations,Cash beneft & loss related payments,"Cash comm, exp pd & agg w-i deduct",Cash dividends paid to policyholder,Netadmit net deferred tax asset,Netadmit asts bonds,Netadmit preferred stocks,Netadmit common stocks,Netadmit mtg loan on r e frst lein,Netadmit mtg loan on r e other,Netadmit real est prop occ by co,Netadmit real est prop held prod,Netadmit real est prop held sale,Netadmit other long trm inv asts,Netadmit receivable for security,Netadmit agg write-in inv asts,Netadmit subt c & i a,Netadmit health care receivables,Netadmit net adj a&l due for exch,Netadmit invest income due & accrue,Netadmit amt due fr p s & a,Netadmit amt rec unins a & h plans,Netadmit furn & equip,Netadmit elec data process equip,Netadmit agg write-in other,Netadmit asts contract loans,Netadmit asts prem & bal course col,"Netadmit asts prem, bal & install d",Netadmit asts accrued retro premium,Netadmit asts fnd held\dep w\ rein,Netadmit asts oth amt rec und rein,Netadmit asts fed & fit recoverable,Netadmit asts guar funds recvbl\dep,"Netadmit asts tot ast excl s,s & pc","Netadmit asts frm sep, seg & pc acc",Netadmit title plants,Netadmit asts derivatives,Netadmit asts secur lend reinvest collateral asset,"Netadmit cash,equiv shrt trm inv",Netadmit amts recov fr reinsurers,Netadmit total assets,Liab tot total liabilities,Total capital and surplus,Cash prem & rev coll net of reinsur,Cash fed & foreign inc tax recov,Cash net cash from operations,Cash beneft & loss related payments,"Cash comm, exp pd & agg w-i deduct",Cash dividends paid to policyholder,Netadmit net deferred tax asset,Netadmit asts bonds,Netadmit preferred stocks,Netadmit common stocks,Netadmit mtg loan on r e frst lein,Netadmit mtg loan on r e other,Netadmit real est prop occ by co,Netadmit real est prop held prod,Netadmit real est prop held sale,Netadmit other long trm inv asts,Netadmit receivable for security,Netadmit agg write-in inv asts,Netadmit subt c & i a,Netadmit health care receivables,Netadmit net adj a&l due for exch,Netadmit invest income due & accrue,Netadmit amt due fr p s & a,Netadmit amt rec unins a & h plans,Netadmit furn & equip,Netadmit elec data process equip,Netadmit agg write-in other,Netadmit asts contract loans,Netadmit asts prem & bal course col,"Netadmit asts prem, bal & install d",Netadmit asts accrued retro premium,Netadmit asts fnd held\dep w\ rein,Netadmit asts oth amt rec und rein,Netadmit asts fed & fit recoverable,Netadmit asts guar funds recvbl\dep,"Netadmit asts tot ast excl s,s & pc","Netadmit asts frm sep, seg & pc acc",Netadmit title plants,Netadmit asts derivatives,Netadmit asts secur lend reinvest collateral asset,"Netadmit cash,equiv shrt trm inv",Netadmit amts recov fr reinsurers,Netadmit total assets,Liab tot total liabilities,Total capital and surplus,Cash prem & rev coll net of reinsur,Cash fed & foreign inc tax recov,Cash net cash from operations,Cash beneft & loss related payments,"Cash comm, exp pd & agg w-i deduct",Cash dividends paid to policyholder,Netadmit net deferred tax asset,Netadmit asts bonds,Netadmit preferred stocks,Netadmit common stocks,Netadmit mtg loan on r e frst lein,Netadmit mtg loan on r e other,Netadmit real est prop occ by co,Netadmit real est prop held prod,Netadmit real est prop held sale,Netadmit other long trm inv asts,Netadmit receivable for security,Netadmit agg write-in inv asts,Netadmit subt c & i a,Netadmit health care receivables,Netadmit net adj a&l due for exch,Netadmit invest income due & accrue,Netadmit amt due fr p s & a,Netadmit amt rec unins a & h plans,Netadmit furn & equip,Netadmit elec data process equip,Netadmit agg write-in other,Netadmit asts contract loans,Netadmit asts prem & bal course col,"Netadmit asts prem, bal & install d",Netadmit asts accrued retro premium,Netadmit asts fnd held\dep w\ rein,Netadmit asts oth amt rec und rein,Netadmit asts fed & fit recoverable,Netadmit asts guar funds recvbl\dep,"Netadmit asts tot ast excl s,s & pc","Netadmit asts frm sep, seg & pc acc",Netadmit title plants,Netadmit asts derivatives,Netadmit asts secur lend reinvest collateral asset,"Netadmit cash,equiv shrt trm inv",Netadmit amts recov fr reinsurers,Netadmit total assets,Liab tot total liabilities,Total capital and surplus,Cash prem & rev coll net of reinsur,Cash fed & foreign inc tax recov,Cash net cash from operations,Cash beneft & loss related payments,"Cash comm, exp pd & agg w-i deduct",Cash dividends paid to policyholder,Netadmit net deferred tax asset,Netadmit asts bonds,Netadmit preferred stocks,Netadmit common stocks,Netadmit mtg loan on r e frst lein,Netadmit mtg loan on r e other,Netadmit real est prop occ by co,Netadmit real est prop held prod,Netadmit real est prop held sale,Netadmit other long trm inv asts,Netadmit receivable for security,Netadmit agg write-in inv asts,Netadmit subt c & i a,Netadmit health care receivables,Netadmit net adj a&l due for exch,Netadmit invest income due & accrue,Netadmit amt due fr p s & a,Netadmit amt rec unins a & h plans,Netadmit furn & equip,Netadmit elec data process equip,Netadmit agg write-in other,Netadmit asts contract loans,Netadmit asts prem & bal course col,"Netadmit asts prem, bal & install d",Netadmit asts accrued retro premium,Netadmit asts fnd held\dep w\ rein,Netadmit asts oth amt rec und rein,Netadmit asts fed & fit recoverable,Netadmit asts guar funds recvbl\dep,"Netadmit asts tot ast excl s,s & pc","Netadmit asts frm sep, seg & pc acc",Netadmit title plants,Netadmit asts derivatives,Netadmit asts secur lend reinvest collateral asset
070972,00000,Aetna Health Group (G),956332,7837,6106626,3075973,3030653,21943976,445291,445893,18554515,2707059,0,137196,3777094,0,77,0,0,2183,8826,0,242786,38,0,5019365,62182,0,45873,153726,33950,144,463,53303,0,482788,0,44550,0,19,65189,39,6106626,0,0,0,32028,1001685,12565,6383988,3333237,3050750,21877400,415102,1166286,17812568,2676183,0,135137,3917642,0,16286,0,0,2067,8623,0,284114,32881,0,5263297,68671,0,43990,139461,49784,91,249,43121,0,489846,0,78679,0,16,59053,26,6383988,0,0,0,0,971463,25858,6371422,3159276,3212147,22792621,260968,723892,19332161,2661900,0,123115,3909381,0,101,0,0,1973,8420,0,273554,8072,0,5174982,96598,0,41776,161746,44469,0,0,85275,0,455362,0,99299,0,13,62918,12,6371422,0,0,0,2016,772806,31558,6674481,3482883,3191598,22044325,186012,782545,18611007,2622167,0,145087,4308180,0,13558,0,0,1887,3213,0,246872,7487,0,5394300,76319,0,44424,178340,66115,0,0,99078,0,513193,0,82379,0,13,43674,0,6674481,0,0,0,40297,813262,270922,8231363,4547657,3683707,24547424,429815,811315,20157879,3351316,0,129384,5141803,0,24005,0,0,1817,2350,0,257158,8638,0,6310823,59038,0,51641,251366,199991,0,0,100375,0,730087,0,15367,0,21,112349,0,8231363,0,0,0,61792,569539,294181,9580172,5315815,4264356,25756109,343972,1117628,20878287,3643536,0,162605,6470375,0,29949,0,0,1898,2282,0,325096,607,0,7399747,48329,0,61510,133797,242436,0,0,170435,0,916827,0,32656,0,22,117627,0,9580172,0,0,0,0
070964,00000,Anthem Health Companies (G),2916377,15862,24640338,14622163,10018175,59404603,2762888,2051255,49042545,6365631,0,422535,11200511,31181,836445,0,0,114147,0,0,375168,1019,10284,16015055,380778,0,140399,1740286,1507731,6585,521848,1864255,187,1118343,655319,204143,0,783,37261,9154,24640338,0,0,48,529686,2119582,30103,25121904,15502517,9619388,62009809,1630735,3781395,51314480,5996144,0,435837,12101621,38931,1010132,0,0,112306,0,0,393887,9561,10884,16331222,348401,0,146378,973487,1650748,10650,682584,2117709,221,1310765,722741,244275,39437,445,76716,408,25121904,0,0,272,533824,2457628,27472,26057292,15170306,10886986,63224206,1393092,3226133,53584336,5858381,0,549636,11994162,70041,1083810,0,0,110339,0,0,611418,5833,10230,16724750,402177,0,138666,1087623,1622829,10323,702014,2099295,238,1489297,766142,262331,21985,482,150721,1550,26057292,0,0,3,381048,1730879,13128,27247789,16184100,11063689,63864484,1344895,2581763,53772569,6879591,0,625559,13074594,76422,1391969,0,0,108097,0,0,672308,12523,9238,17720985,457483,0,145549,1115290,1847095,8032,807506,1910420,243,1482792,793942,270317,305,3270,46033,84,27247789,0,0,1671,643043,3449319,309484,30486752,19340372,11146380,66907165,1959348,3359695,54442152,7867541,0,626800,12254146,98950,1356512,0,0,94059,0,0,963023,16454,5332,19179262,896688,0,137013,1329970,2243791,5827,1003949,1806330,183,1915983,867669,98539,0,2440,62628,380,30486752,0,0,2,941281,4387119,279073,31134903,20056462,11078441,71160023,2178993,4673981,57363020,7639424,0,765640,11885447,61544,1240660,0,0,71798,0,0,1310520,8049,5032,19851401,898113,0,147287,1168599,2199987,4427,1080141,1690605,200,1706649,924825,316324,0,8242,93191,400,31134903,0,0,612,880420
070971,00000,Arkansas BC/BS Group (G),255176,2010,1233926,614066,619860,1333169,33803,109015,1077634,129662,0,0,348677,368,270306,0,0,26426,14865,0,67804,47,2834,986502,27892,0,4087,15895,37241,0,6961,51614,0,90117,0,0,0,0,10991,615,1233926,0,0,0,0,331533,2282,1316703,684042,632661,1411169,35210,77726,1142438,167810,0,0,310632,279,255273,0,0,25747,14329,0,72039,9446,2861,1022138,34030,0,3376,13955,55081,0,8106,55729,0,99916,0,0,0,0,21782,307,1316703,0,0,0,0,362600,2323,1376587,643201,733386,1447208,2003,64759,1204694,193524,0,0,370379,0,267377,0,0,23847,13522,0,75664,0,2989,1116377,29254,0,3438,11322,68739,0,5544,28205,0,489,0,101366,0,0,9529,0,1376587,0,0,0,0,451450,2622,1553262,727644,825618,1555881,11747,92599,1300654,168741,0,0,454061,0,282741,0,0,33997,7442,0,70013,0,2388,1302091,33708,0,3549,8627,50144,0,7096,34505,0,0,0,104084,0,0,6836,0,1553262,0,0,0,0,371931,47410,1707860,828107,879753,2145595,25415,119115,1763188,257027,0,10584,601225,0,275290,0,0,37929,7530,0,78818,2031,2422,1377177,35136,0,4450,8372,45370,0,5915,47251,0,0,0,117840,0,0,8354,0,1707860,0,0,0,0,389080,53340,1665259,819091,846168,2426810,21320,10104,2072286,343314,0,14720,553008,0,235856,0,0,40492,7301,0,79827,0,2374,1307938,46458,0,3869,7313,49076,0,7142,41002,0,0,0,128067,0,0,6334,0,1665259,0,0,0,0
070909,00000,Blue Cross & Blue Shield of Florida Grp (G),203888,286,5880102,2969205,2910897,7499740,143806,332449,6098525,1072796,0,220726,2906236,117740,602408,0,0,260121,0,0,46185,12495,0,4293628,53144,0,28559,13340,243589,3089,4126,282287,0,690860,31143,3019,299,0,12007,0,5880102,0,0,0,144557,47493,321,6066615,3144510,2922105,7471407,80159,201058,6183773,1187078,0,232702,2928617,137207,801727,0,0,252178,0,0,43230,5592,0,4304227,50685,0,28286,12284,256316,2826,5565,294085,0,821824,36724,2438,4653,0,13680,0,6066615,0,0,0,88182,123986,1080,6130522,2998399,3132123,8084170,92743,115488,6763358,1274510,0,194108,3004661,144498,926105,0,0,240939,0,0,39945,12336,0,4517207,66166,0,26762,20307,224468,3031,6907,208927,0,802942,30830,4280,4840,0,18668,0,6130522,0,0,0,24738,99820,423,6883148,3427285,3455862,8813831,-42303,259049,7441154,1332510,0,215548,3298198,140819,985422,0,0,231965,0,0,40152,30945,0,5024931,83139,0,30987,21731,280782,4242,6837,225194,0,899590,38747,4919,6870,0,39207,0,6883148,0,0,83,197528,122885,304067,6111490,3985932,2125558,10505820,69979,-232418,9312068,1496870,0,219473,2494887,3456,357829,0,0,199831,0,0,43921,19212,0,3517675,228039,0,17893,79911,329437,4842,2330,394975,0,951543,30021,9826,7382,0,14078,0,6111490,0,0,0,275655,247497,231876,6894149,4280208,2613941,11572835,263420,358018,9560882,1506200,0,265389,3022775,502,308448,0,0,189105,0,0,49298,11375,0,4066013,171313,0,21599,146625,312495,2521,3149,625035,0,1007026,16555,10654,8423,0,5477,0,6894149,0,0,0,237014
070914,00000,Blue Cross & Blue Shield of NC Group (G),117843,0,2977998,1226408,1751590,4683069,48526,14317,4060815,660536,0,46823,1790097,0,614242,0,0,78839,3947,0,4220,0,0,2609188,17468,0,22424,1974,92394,0,24096,12749,0,120876,0,0,0,721,29285,0,2977998,0,0,0,0,114820,0,3110002,1293829,1816173,4955052,33241,239986,4128485,658294,0,87955,1799483,0,728874,0,0,63571,3668,15895,4873,0,0,2731183,16674,0,22050,2407,85418,0,12493,30393,0,112612,0,41,0,0,8777,0,3110002,0,0,0,0,189691,0,3498552,1417548,2081004,5242194,11353,172376,4464980,714510,0,139165,1638925,0,1067228,0,0,62259,5554,0,88685,0,0,3052342,17984,0,20166,6762,86475,0,2471,54239,0,118906,0,41,0,0,0,0,3498552,0,0,0,0,17108,0,3786788,1398255,2388533,5765984,-7712,137801,4999489,772944,0,114869,1677628,0,1296996,0,0,71348,2996,0,185961,0,0,3252037,25027,0,21417,4051,145190,0,1523,29954,0,182797,0,0,0,0,9922,0,3786788,0,0,0,0,-187510,247785,4206136,1907821,2298315,7198035,18033,-276174,6496667,1101305,0,149482,1616794,0,1354351,0,0,3436,3206,0,296992,0,0,3087269,49552,0,18989,3815,182036,0,1109,94093,0,226180,0,84365,0,0,61462,0,4206136,0,0,0,0,-77979,211063,4102659,2035609,2067050,7384255,-63737,-169746,6538521,1242996,0,269422,1791028,70187,777555,0,0,0,2861,0,370218,0,0,2933870,71843,0,20236,11952,207899,0,1484,145874,0,216454,0,2628,0,0,9933,0,4102659,0,0,0,0
070894,00000,Blue Cross & Blue Shield of SC Group (G),107693,10182,2553688,857356,1696332,2474837,39208,36659,2056785,424275,0,28160,745158,0,663399,695,0,141986,4013,108,497121,0,0,2160173,77209,0,8722,56079,90459,0,10210,25229,0,71690,0,1036,256,14,14269,0,2553688,0,0,0,0,161138,15494,2744962,964175,1780787,2673855,17060,159096,2202828,382382,0,40513,719779,0,727375,0,0,147445,4386,108,556124,0,0,2316355,85784,0,8415,35128,102606,0,13277,26603,0,85442,0,738,613,7,13988,0,2744962,0,0,0,0,151317,15823,2845597,883961,1961636,2799128,35868,64250,2374838,400175,0,44387,712227,0,806070,0,0,149350,4243,691,597858,0,0,2421755,101398,0,8095,32588,101503,0,13061,28146,0,63372,0,1482,704,1,12685,596,2845597,0,0,0,0,222110,14147,3068352,915066,2153286,2663949,76109,110205,2172423,391154,0,37216,778961,0,881681,0,0,144769,4347,2541,659254,15025,0,2708688,82961,0,8146,33512,88260,0,13223,28740,0,38224,0,1092,643,12,13010,476,3068352,0,0,0,0,328295,36075,3299697,1133376,2166321,2846250,84312,120403,2271364,451689,0,66607,742454,0,890769,0,0,143127,4932,1956,716504,0,0,2828037,83256,0,7384,26462,83354,0,11812,31455,0,99851,0,2239,579,7,21279,1299,3299697,0,0,0,0,313861,51707,3387344,1134607,2252736,2972576,77934,25420,2441336,517067,0,45341,881512,0,744350,0,0,143896,4559,1956,787143,0,0,2877277,111980,0,9107,33785,87700,0,14493,28584,0,99710,0,14450,235,16,11965,992,3387344,0,0,0,0
070915,00000,Blue Cross & Blue Shield of TN Group (G),504067,0,2195560,952384,1243176,4905220,26947,369301,3942030,624025,0,53078,999538,5551,106536,0,0,106803,0,0,132266,258,0,1855020,23119,0,10325,30008,86585,0,10655,3050,0,46602,55785,0,0,0,19598,1734,2195560,0,0,0,0,315368,0,2145910,832433,1313477,4976647,73650,91738,4190661,681156,0,49743,1212047,5389,29031,0,0,86373,4686,350,162612,2923,0,1818779,8663,0,11917,8907,70165,0,9028,8388,0,82968,75724,0,0,0,0,1629,2145910,0,0,0,0,358864,1732,2333255,818326,1514929,5160369,88153,221371,4152907,759294,0,52668,1378152,4484,14632,0,0,82910,4686,0,182588,3483,0,2029798,10478,0,11899,19946,107272,0,8123,12250,0,3474,74212,0,0,0,0,1403,2333255,0,0,0,0,197557,3705,2484192,807581,1676611,5331380,99383,180925,4411651,701671,0,89271,1617367,6071,11427,0,0,80346,4686,0,198025,4582,0,2120061,16682,0,12747,18621,86756,0,4795,9250,0,18950,69227,13579,0,0,19371,1177,2484192,0,0,0,0,443008,86624,2852307,1118776,1733531,6213823,141364,119384,5045485,974311,0,80861,1600560,14377,-62515,0,0,74191,0,4693,157986,8258,0,2240557,26629,0,14174,32748,189433,0,3773,6250,0,4402,78472,22676,0,0,64755,951,2852307,0,0,0,0,478252,103983,2953850,1275258,1678593,6793412,17743,109515,5771332,966858,0,89662,1629359,15709,-79928,0,0,69308,0,4693,151490,8,0,2268892,47644,0,14303,35181,222944,0,1987,3250,0,5805,76062,42739,0,0,40673,725,2953850,0,0,0,0
060080,55433,Blue Cross and Blue Shield of Alabama,233136,0,2188948,1333146,855802,4287538,42191,152323,3855795,286950,0,12245,915444,0,276275,0,0,158305,0,0,25372,0,0,1608531,47260,0,9793,6900,172984,0,7238,4779,0,319218,0,0,0,0,0,0,2188948,0,0,0,0,337595,0,2381166,1390106,991060,4106057,54987,272414,3562031,261033,0,9295,918956,0,348553,0,0,147230,0,0,23487,0,0,1775821,51032,0,9880,4107,180340,0,5009,3406,0,330996,0,11283,0,0,0,0,2381166,0,0,0,0,517364,0,2630441,1511576,1118865,4090612,31074,207407,3624607,273513,0,21912,933220,0,399031,0,0,135638,0,0,19982,0,0,2005235,56910,0,9555,4236,188490,0,2652,8822,0,318193,0,14436,0,0,0,0,2630441,0,0,0,0,541936,0,2839512,1595582,1243930,4139615,46983,114129,3699114,323052,0,24073,1017170,0,470956,0,0,127839,0,0,30812,0,0,2188712,58126,0,10048,4003,200581,0,2524,1165,0,330509,0,8463,0,0,11308,0,2839512,0,0,0,0,350724,67754,2865284,1787900,1077384,4587535,41994,-68909,4113491,547597,0,24718,1077774,0,527580,0,0,117032,0,0,37090,0,0,2110201,63911,0,10278,2311,237131,0,1835,0,0,312330,0,15242,0,0,19573,0,2865284,0,0,0,0,438702,84899,2840653,1698476,1142177,4812424,-3602,-20200,4457280,426212,0,24868,985364,0,485499,0,0,109607,0,0,45146,0,0,2064318,92100,0,9928,4452,214618,0,904,0,0,322744,0,13908,0,0,7914,0,2840653,0,0,0,0
020455,00000,Blue Cross and Blue Shield of MA Group (G),55434,7604,3036007,1544685,1491322,6283641,11000,119937,5598847,643927,0,22157,1069125,2699,305622,0,0,225542,0,0,929410,8594,0,2596427,34145,0,7333,2269,172435,0,7619,41749,0,136382,0,0,0,596,7291,0,3036007,0,0,0,0,159477,6465,3414596,1788278,1626318,6356751,6550,276055,5545388,609629,0,28462,1167754,750,464035,0,0,220972,0,0,894468,28878,0,2936335,50335,0,6767,13089,166777,0,11418,35478,0,149381,0,9572,0,516,0,0,3414596,0,0,0,0,187532,6216,3799097,1981150,1817947,6335120,10261,363309,5545278,502686,0,36755,1316021,750,577431,0,0,216283,0,0,1014754,27879,0,3340650,57965,0,7366,25412,104416,0,10096,38936,0,162865,0,6910,0,0,1509,0,3799097,0,0,0,0,124077,7611,3951571,1979668,1971903,6257238,4038,12345,5616920,703547,0,43528,1372845,1188,628451,0,0,211594,0,0,1086886,16643,0,3441684,72256,0,7325,16807,134142,0,17383,43307,0,159798,0,7729,0,0,0,0,3951571,0,0,0,0,63903,36713,3922682,2127262,1795419,6424160,4000,-374526,5980720,895195,0,30067,1380301,1245,570033,0,0,206905,0,0,1030513,13455,0,3266354,107048,0,7611,4624,189437,0,15375,97381,0,154895,0,6736,0,0,6442,0,3922682,0,0,0,0,89867,35803,3913555,2205305,1708249,6782720,4130,163520,6073551,621591,0,26819,1570611,1272,426789,0,0,202216,0,0,826157,75410,0,3192322,162792,0,8269,22246,142421,0,15404,62118,0,159077,0,81977,0,0,4307,0,3913555,0,0,0,0
064465,53589,Blue Cross Blue Shield of Arizona Inc,41364,0,1161782,371736,790046,1492615,11352,110562,1220888,178851,0,0,499064,924,330519,0,0,96741,0,0,7001,0,0,975613,5936,0,4975,540,59755,0,4800,4149,0,105979,0,0,0,35,0,0,1161782,0,0,0,0,34444,0,1323979,432992,890986,1448482,4460,139293,1147439,188568,0,0,536286,982,421245,0,0,73474,0,0,31024,75,0,1097530,5664,0,5511,532,66825,0,4483,4153,0,139282,0,0,0,0,0,0,1323979,0,0,0,0,17175,13,1456720,548246,908474,1431285,9208,104368,1193917,171067,0,10129,466041,890,507820,0,0,71679,0,0,122869,0,0,1186475,7837,0,5021,995,71005,0,3744,4068,0,167432,0,0,0,0,0,0,1456720,0,0,0,0,42620,13,1578948,542654,1036294,1526402,26823,106515,1251569,191780,0,0,496779,1653,541935,0,0,69543,0,0,166280,13,0,1318823,9952,0,6395,942,68513,0,4381,8732,0,161198,0,0,0,0,0,0,1578948,0,0,0,0,26428,30541,1657139,627061,1030078,1695435,37511,-28094,1464908,254434,0,0,504730,5051,508905,0,0,67410,0,0,207727,4376,0,1324628,12939,0,6576,767,84106,0,5675,23561,0,167595,0,750,0,0,0,0,1657139,0,0,0,0,13109,41975,1627090,622887,1004203,1971050,12753,9960,1694256,303671,0,13441,539260,11581,387709,0,0,65205,0,0,224660,1370,0,1242894,16601,0,5513,641,96097,0,5737,18109,0,179750,0,6333,0,0,0,0,1627090,0,0,0,0
020262,00000,Blue Cross Blue Shield of Michigan Group (G),697208,0,7295876,4536409,2759468,8893700,81966,291100,7856420,838644,0,32283,3405960,1900,1401453,0,0,146086,0,11818,202618,110,0,6284891,140077,0,42367,109521,111894,0,45051,270419,0,102781,0,0,0,0,156592,0,7295876,0,0,0,417738,1035853,0,7543244,4753592,2789652,8973871,-48816,448535,7796754,959674,0,103628,3610789,1937,1286158,0,0,144308,0,8601,366349,1614,0,6483263,145109,0,43672,130077,81860,0,23073,368595,0,153413,0,0,0,0,10554,0,7543244,0,0,0,27655,1186719,0,8144831,5084234,3060597,9029969,40009,391636,7739406,1071057,0,99855,3861788,12410,1460780,4250,0,144023,0,0,401309,498,0,7089398,136821,0,41243,155988,146858,0,38072,367304,0,69170,0,0,0,0,121,0,8144831,0,0,0,17621,1049712,0,8309072,5020348,3288724,9123811,50779,-140069,8005655,1417557,0,139637,3979370,11183,1514610,4250,0,137912,0,0,452095,121,0,7161926,147371,0,43837,156847,175533,0,43785,332078,0,90046,0,0,0,0,18012,0,8309072,0,0,0,12673,1170700,103307,8432088,5091962,3340126,10348194,21419,-107489,8634858,2011715,0,80071,3782343,18249,1633395,0,0,130618,0,0,539731,17015,0,7306757,133793,0,36148,114996,153217,0,39062,303719,0,160744,0,43,0,0,231,0,8432088,0,0,0,14706,1189024,123692,8309575,5137863,3171712,10607234,79209,-589264,9084109,2213251,0,109278,3244611,7700,1680116,0,0,120857,0,0,630765,42,0,6888430,189065,0,30778,125487,293745,0,32914,239656,0,130839,0,126989,0,588,18116,0,8309575,0,0,0,15314
070913,00000,Blue Cross Blue Shield of Minnesota Grp (G),40827,0,2689591,1609190,1080400,3835641,2053,206680,3217551,498567,0,18535,1613546,39,427577,0,0,85691,0,0,5900,50101,0,2226904,47617,0,13278,31878,181155,0,8795,66810,0,89049,0,0,0,0,5569,0,2689591,0,0,3222,0,244445,0,2848627,1687524,1161103,3942623,30371,196837,3300401,514799,0,20611,1625712,0,327507,0,0,86717,0,3857,4325,9367,0,2308974,50092,0,13439,29582,170263,0,5883,77461,0,166345,0,0,0,0,5979,0,2848627,0,0,7044,0,230087,0,3092750,1891275,1201475,3959843,8892,-40818,3448632,639912,0,40166,1682895,0,481561,0,0,1250,0,0,4353,5440,0,2408230,56010,0,11785,29949,240798,0,19010,71980,0,212910,0,0,0,0,1913,0,3092750,0,0,2643,0,118502,0,3064595,1792057,1272538,4074417,9788,-147054,3682977,628717,0,35809,1590103,0,569549,0,0,1250,0,0,26906,8764,0,2315074,61183,0,10520,64042,269994,0,22147,72269,0,200050,0,0,0,0,13507,0,3064595,0,0,0,0,208335,78406,3178858,1894421,1284437,4188980,1073,-29006,3602433,714196,0,21561,1698344,1003,448870,0,0,1250,0,0,25325,3263,0,2386391,73823,0,12317,90149,284392,0,18611,59786,0,131957,0,12878,0,0,8586,0,3178858,0,0,0,0,272698,114034,3602864,2474439,1128425,4639250,-13513,-5139,4019062,737098,0,38888,1814365,1046,556299,0,0,1250,0,0,5398,5322,0,2656379,116107,0,14268,133305,240274,0,13733,57291,0,173295,0,43684,0,0,1605,0,3602864,0,0,0,0
061788,00000,California Physicians' Service Group (G),1373393,0,5399498,1696710,3702789,8846287,89129,-8102,9765770,1210894,0,0,0,0,428927,0,0,136113,0,0,2271485,0,0,4209917,34844,0,20122,147166,0,61305,223464,209869,0,492810,0,0,0,0,0,0,5399498,0,0,0,0,1433670,0,5713211,1998569,3714642,8707736,77414,308441,10099007,953708,0,0,0,0,418985,0,0,134548,0,0,2402936,0,0,4390139,35425,0,17560,61740,0,44000,246202,414026,0,504120,0,0,0,0,0,0,5713211,0,0,0,0,1480232,0,5971314,1977347,3993967,8729612,23542,-34407,10661616,1124013,0,0,0,0,450962,0,0,128106,0,0,2433686,0,0,4492986,40534,0,16166,29450,0,25341,297343,342609,0,726885,0,0,0,0,0,0,5971314,0,0,0,0,1792775,0,6379321,2086115,4293206,9263950,44646,227222,11103023,1191220,0,0,0,0,496342,0,0,121588,0,0,2396869,0,0,4807574,56077,0,15144,64173,0,54504,349389,304704,0,727755,0,0,0,0,0,0,6379321,0,0,0,0,1839428,0,7501252,3165590,4335662,12409868,244483,301059,14095965,1920288,0,0,0,0,592029,0,0,114070,0,0,2449111,0,0,4994638,478422,0,13367,19037,0,34314,488069,331327,0,1142078,0,0,0,0,0,0,7501252,0,0,0,0,1546123,0,8013003,3842638,4170365,14662419,269384,-506491,16443640,2310267,0,0,0,0,818378,0,0,115019,0,0,1381413,0,0,3860933,638332,0,8811,0,0,28399,588167,1692571,0,1195789,0,0,0,0,0,0,8013003,0,0,0,0
020393,00000,Capital Blue Cross Companies (G),134640,0,1244308,473527,770781,1953063,365,51721,1665928,270896,0,13782,650921,0,188479,0,0,31038,0,0,0,0,0,1005078,49073,0,7867,65945,48612,0,4208,5213,0,14363,0,2342,0,0,27825,0,1244308,0,0,0,0,162049,0,1320505,501484,819021,2031522,2970,76663,1712124,278686,0,18823,696907,0,175641,0,0,30097,0,0,36238,0,0,1100933,48463,0,7750,52319,55841,0,5421,3183,0,19475,0,1715,0,0,6584,0,1320505,0,0,0,0,98463,0,1373097,537801,835296,2044038,3955,-36579,1807921,301730,0,15584,716881,0,195607,0,0,33811,0,0,54241,0,0,1099003,46011,0,7815,108174,67007,0,3335,841,0,15389,0,2752,0,0,7186,0,1373097,0,0,0,0,119991,0,1507354,637029,870325,1941920,7473,-21973,1703973,285933,0,113,682406,0,246399,0,0,30638,0,0,46549,0,0,1125983,65055,0,7532,205889,66717,0,2001,3049,0,14938,0,2221,0,0,13855,0,1507354,0,0,0,0,105472,4043,1548899,710687,838212,1892358,11296,-25913,1629411,311147,0,18819,691830,0,226313,0,0,29752,0,0,50870,0,0,1104237,72463,0,6598,230389,78622,0,2023,8961,0,10717,0,4778,0,0,7249,0,1548899,0,0,0,0,113274,4628,1536861,771904,764957,1838072,22233,17114,1509081,328944,0,21030,652427,0,201145,0,0,29692,0,0,53263,0,0,1049800,91275,0,6030,244999,74073,0,2821,15168,0,12370,0,3294,0,0,11372,0,1536861,0,0,0,0
070916,00000,CareFirst Inc Group (G),29505,19501,3716719,2258536,1458183,6764629,33500,343323,5532501,948072,0,24188,1583111,6091,237298,0,0,0,0,0,105499,0,0,1961504,1047238,0,11705,68961,118809,0,16524,1130,0,407195,0,0,0,22341,17624,0,3716719,0,0,0,0,80587,18103,3988717,2513144,1475573,6959935,80235,123591,5855017,989388,0,38387,1401865,2001,403357,0,0,0,0,0,123939,0,0,2011749,1227094,0,9461,83925,123829,0,19128,3224,0,383037,0,0,0,19594,51185,0,3988717,0,0,0,0,-4370,11429,3925010,2455529,1469481,7169992,-664,-32999,6291857,997063,0,10359,1404491,0,444964,0,0,0,0,0,128049,0,0,1973135,1271333,0,10354,61905,123644,0,24057,1195,0,373260,0,803,0,29362,34173,0,3925010,0,0,0,0,107233,21415,3926287,2435039,1491248,7344534,1058,68375,6318370,1041708,0,7865,1408817,0,320990,0,0,0,0,0,132985,0,0,1970026,1198747,0,10494,74507,166267,0,22941,1215,0,400645,0,0,0,30794,21372,0,3926287,0,0,0,0,76336,66988,3982684,2510632,1472052,7970803,16134,80270,6717055,1257531,0,13347,1331036,0,363412,0,0,0,0,0,156727,0,0,1927510,1195229,0,10609,79335,156728,0,32512,39512,0,415506,0,0,0,28736,16671,0,3982684,0,0,0,0,135840,153563,4143737,2630069,1513668,8355396,42359,13068,7004440,1388617,0,15885,1282772,0,299231,0,0,0,0,0,169299,0,100,1887242,1275853,0,9491,128229,147246,0,31130,1412,0,409470,0,79717,0,2014,2485,0,4143737,0,0,0,0
070853,00000,CareSource Group (G),220766,5714,592159,297764,294395,2316483,0,-76427,2113927,290690,0,0,268444,0,27621,0,0,2100,0,0,0,0,65,518997,37657,0,2716,0,0,0,0,0,0,27076,0,0,0,0,0,0,592159,0,0,0,0,379920,3663,861329,444704,416625,2928903,0,189296,2344361,409296,0,0,315930,0,37167,0,0,2100,0,0,0,0,0,735118,50737,0,3607,4,0,0,0,0,0,68200,0,0,0,0,0,0,861329,0,0,0,0,312061,1381,937852,400861,536992,3673859,0,27326,3188927,471748,0,0,411976,0,49731,0,0,0,0,0,0,0,0,773768,61631,0,5407,0,0,0,0,0,0,95667,0,0,0,0,0,0,937852,0,0,0,0,335247,10,1130700,524279,606421,4144092,0,255331,3390956,553508,0,0,558866,0,72703,0,0,0,0,0,0,0,0,966815,65821,0,6340,0,1245,0,0,0,0,90468,0,0,0,0,0,0,1130700,0,0,0,0,791444,6672,1727697,978256,749441,5574061,0,524983,4366116,720818,0,0,593907,0,106666,0,0,0,0,0,0,0,0,1492017,72001,0,5294,2000,14361,0,0,0,0,135352,0,0,0,0,0,0,1727697,0,0,0,0,674031,18065,1832923,881126,951797,6828907,0,23394,5966541,858025,0,410,751632,0,107596,0,0,0,0,0,0,0,0,1533259,97475,0,6835,0,25645,0,0,21,0,147102,0,4111,0,0,0,0,1832923,0,0,0,0
070918,00000,Centene Corporation Companies (G),1892628,4966,3911456,1951748,1959708,13939188,107433,270633,12217771,1562729,0,18302,805046,283,0,0,0,14061,0,0,24453,0,0,2736471,253192,0,20145,158905,525,2987,371,317458,0,382797,0,50,0,588,13506,80,3910344,1112,0,0,0,1928639,4478,3911195,1947243,1963952,15131060,143339,305134,13077656,1811753,0,15855,812224,282,0,0,0,13690,0,0,18387,240,0,2773462,183579,0,19234,89842,4717,2353,216,443912,0,345692,0,2422,0,1649,22656,95,3910161,1034,0,0,0,2536544,8435,4974192,2684321,2289872,18286412,50353,-119251,16499068,2123106,0,23755,899492,0,0,0,0,13310,0,0,17473,185,0,3467004,159473,0,20639,241007,6501,1546,117,316085,0,566577,0,1202,0,4380,156312,142,4973174,1019,0,0,0,2527525,6855,5497121,3000160,2496962,20427942,-131113,106376,18212727,2461540,0,34170,1094989,0,50520,0,0,12939,0,0,76248,0,0,3762221,286175,0,19039,147267,6999,691,64,412787,0,725416,0,53855,0,3632,36802,155,5496126,995,0,0,0,3821537,47168,8687425,5550462,3136963,26998948,239665,1224506,22560846,3174462,0,61054,1556100,0,54820,0,0,12570,0,0,35624,0,0,5480651,382239,0,20459,301134,22937,195,25,649945,0,1543835,0,102969,0,1778,71969,72,8686430,995,0,0,0,4518725,57020,10562690,6672329,3890361,34802135,325969,452464,30036337,4275077,0,74613,2039741,0,53810,0,0,12201,0,0,62229,1907,0,6688615,625551,0,28128,214229,99676,106,7,824474,0,1793800,0,116314,0,3141,36057,17,10561747,943,0,0,0
070892,00000,Delta Dental of California Group (G),127776,6446,1321583,839006,482577,3428443,370,173702,2685659,586326,0,0,121018,0,34765,0,0,8972,0,0,274890,0,0,567421,160127,0,2804,80872,29852,5944,312510,71496,0,81981,0,0,0,2076,0,53,1321583,0,0,0,0,229660,8884,1429149,876741,552408,3571701,64,126230,2769975,667173,0,0,132006,0,45200,0,0,9116,0,0,199625,0,0,615607,197705,0,2741,97205,36419,5494,321782,67122,0,72427,0,0,922,2821,0,18,1429149,0,0,0,0,316995,10163,1601158,941620,659538,3923032,407,202275,3059903,696513,0,4,143884,0,56921,0,0,9033,0,0,296494,0,0,823327,195376,0,4283,101521,28862,4321,287098,54322,0,82797,0,0,5084,2814,1184,0,1601158,0,0,0,0,445461,10492,1787582,970586,816996,3714324,1001,228994,2875976,634864,0,0,160976,0,75749,0,0,7402,0,0,354321,0,0,1043909,182909,0,6798,113482,36644,4155,229648,55925,0,91142,0,0,0,10584,1672,220,1787582,0,0,0,0,316705,10357,1945729,996293,949437,4174759,20277,126738,3301793,757972,0,0,198551,0,80661,0,0,7330,0,0,494814,0,0,1098061,201130,0,8148,120417,45269,4643,221415,83268,0,140613,0,0,0,9303,2930,176,1945729,0,0,0,0,714748,47539,2338549,1267362,1071187,5017760,10415,630240,3630091,766577,0,172,223296,0,90422,0,0,7121,0,0,647662,0,0,1683248,76108,0,9921,140233,46829,3609,190130,76423,0,51922,0,0,0,9784,2629,0,2338549,0,0,0,0
020434,00000,EmblemHealth Group (G),231930,16126,3037427,1754849,1282578,9563416,5244,146042,8280100,1167470,0,10929,1485517,1043,150319,0,0,98100,90223,0,-108212,10474,0,1984210,117635,0,10873,34959,152020,75698,11250,152235,0,420023,1752,32628,0,0,17091,0,3037427,0,0,0,24814,372295,9000,3058797,1691335,1367462,9547077,7547,232194,8255072,1100675,0,8011,1488961,907,213561,0,0,113400,85265,0,-205445,765,0,2069708,87720,0,11737,73888,96671,68172,6366,185307,0,408352,1665,22123,0,0,10077,0,3058797,0,0,0,0,190419,4182,3271265,1819261,1452004,9889305,9203,20590,8565903,1329174,0,5518,1682906,975,238305,0,0,128340,80113,0,-229154,681,0,2092586,79390,0,13664,226285,75309,57542,3182,169787,0,519451,1109,13926,0,0,9334,0,3271265,0,0,0,0,76991,2726,3171389,1577392,1593997,10021595,17283,87173,8690871,1242958,0,3256,1712511,0,310041,0,0,163800,75291,0,-233980,317,0,2104970,97657,0,12332,178082,102771,49208,1808,158765,0,447399,2943,3420,0,0,6052,0,3171389,0,0,0,0,275421,48620,2837945,1906962,930983,8871340,21196,-261215,7957942,1230529,0,7424,1238337,0,254263,0,0,173250,72967,0,-310429,256,0,1704065,135743,0,8805,299119,182018,48147,1447,26174,0,358522,2682,9654,0,0,5525,0,2837945,0,0,0,0,276864,55995,2387434,1648079,739354,7820439,2690,-272765,6989745,1140544,0,5016,798227,0,210936,0,0,235800,71880,0,-413688,79,0,1180098,201477,0,5703,359360,184939,43124,3036,20761,0,317539,235,7231,0,0,2920,0,2387434,0,0,0,0
060082,55107,Excellus Health Plan Inc,88028,0,2380843,1291172,1089672,5200647,26733,147439,4539198,537003,0,52458,1129500,1686,544623,0,0,43340,0,0,0,0,0,1807178,320288,0,7805,4984,25419,0,0,0,0,160598,0,895,0,0,0,1218,2380843,0,0,0,0,6006,0,2721867,1458290,1263577,5598909,28767,91472,4966894,551339,0,130676,1277216,862,581129,0,0,42138,0,0,7641,0,0,2005568,355652,0,7843,4468,47311,0,0,0,0,166056,0,3386,0,0,0,907,2721867,0,0,0,90577,50350,0,2818629,1536143,1282486,6060136,9151,-31119,5352341,772070,0,119446,1359329,2902,601112,0,0,40089,0,0,-2943,0,0,2133759,323819,0,8156,10788,51531,0,0,0,0,169413,0,1052,0,0,0,664,2818629,0,0,0,82920,30654,0,3044020,1691400,1352620,6157678,33756,-109459,5687986,587112,0,141412,1405179,6960,652845,0,0,40875,0,0,-7274,0,0,2292454,364099,0,8019,23016,45999,0,0,0,0,168309,0,344,0,0,0,369,3044020,0,0,0,163215,35227,20402,3046448,1888822,1157627,5964354,18218,-81219,5272005,798131,0,140886,1406962,7637,601994,0,0,39114,0,0,-5962,1124,0,2233572,370033,0,7417,11988,74492,0,11773,50000,0,125638,0,86,0,0,0,162,3046448,0,0,0,147476,78215,16204,3026526,1967107,1059419,5903715,60521,38927,5136308,711785,0,106761,1370431,4957,563998,0,0,38634,0,0,0,0,0,2176493,443120,0,7185,2888,81025,0,11096,2635,0,137274,0,41733,0,0,0,111,3026526,0,0,0,120258
070960,00000,Group Health Cooperative of Puget Sound (G),150477,36,1485474,879694,605780,2954474,1501,7101,2624611,294902,0,3994,611168,0,225975,0,0,282078,0,0,4072,118,8848,1282737,64551,0,6232,9274,2184,52915,13560,3821,0,45910,0,0,0,0,261,0,1485474,0,0,0,0,365136,458,1611057,1128582,482475,3149238,5455,5423,2832082,312285,0,2953,586796,0,142282,0,0,281771,0,53,0,17,9073,1392038,79875,0,4612,4507,1044,51470,14380,4519,0,53772,0,0,0,0,1428,0,1611057,0,0,6910,0,73716,4,1403932,972672,431260,3251907,1395,-34641,2886065,439181,0,4685,670215,0,146853,0,0,268207,5108,0,0,8,0,1173809,79438,0,4718,13845,1988,57895,13388,7181,0,41213,0,0,0,0,5769,0,1403932,0,0,9701,0,204334,0,1660516,856989,803527,3277386,-2914,180365,2832073,312844,0,3830,691615,0,202335,0,0,298903,5015,0,30920,13,0,1436638,68976,0,5039,19727,2603,31692,11583,35808,0,41354,0,0,0,0,3265,0,1660516,0,0,3503,0,171357,26478,1801511,1009412,792099,3242067,6388,124243,2765422,373373,0,5532,772408,0,250292,0,0,289029,4780,0,53649,2,0,1547975,52785,0,5701,7420,11411,36860,23280,36597,0,46596,0,422,453,0,0,0,1801511,0,0,6457,0,185336,17077,1842143,962817,879326,3212921,13111,94679,2755122,376817,0,4957,781142,0,285233,0,0,278975,4677,0,55676,4,0,1596431,56872,0,5985,3711,13951,32957,25888,32298,0,47333,0,1325,765,0,2592,0,1842143,0,0,5388,0
070929,00000,Health Care Service Corp Health Group (G),1606258,1056,12801549,5008012,7793536,19866587,300468,545036,16792977,2420338,0,373755,4311134,98,1080167,0,0,1097342,0,0,110603,12262,0,8217865,320964,0,35492,23856,2344260,0,27292,27692,0,355510,1073341,0,0,466,0,0,12801549,0,0,0,0,2445170,1627,14680973,5770105,8910868,20468371,267421,1443958,16694897,2201555,0,395666,4803748,13336,1003485,0,0,1085748,0,0,121341,23925,0,9496751,399741,0,35123,18699,2601411,0,32719,29895,0,409365,1256537,0,0,0,3438,0,14680973,0,0,0,0,2909387,1632,15588867,6032901,9555966,21163480,168074,1172692,17712930,2255762,0,324330,5091838,10076,1056603,0,0,1064299,0,4446,154237,6123,0,10297008,450758,0,37694,18237,2713405,0,29097,33711,0,409279,1271301,0,0,102,2312,0,15588867,0,0,0,0,3127332,764,16837725,6566092,10271633,22823211,308741,516025,19675301,2516911,0,408651,5094446,0,1332309,0,0,1003470,0,0,114491,15761,0,10687808,498148,0,34621,25137,2945433,0,24071,408550,0,500613,1300486,175,0,778,2490,0,16837725,0,0,0,0,1227344,792460,18070401,8128155,9942246,28637005,132971,-169346,25214151,3631087,0,538480,6461132,0,1329992,0,0,934917,0,0,124242,1857,0,10079484,661288,0,38105,118676,3092713,0,33465,731235,0,583473,1252164,123033,0,1440,24385,0,18070401,0,0,0,0,-57040,852459,18058144,8613191,9444954,32365321,10558,-1228038,29500529,4331577,0,508593,6873047,2045,1485457,0,0,887928,0,0,66975,479,0,9258892,856802,0,44108,126852,3450573,0,28453,766920,0,706967,1245711,199302,0,1349,11164,0,18058144,0,0,0,0
070930,00000,HealthPartners Inc Group (G),265963,0,1111156,613716,497440,1860903,0,108736,2108068,147241,0,0,301199,0,35380,0,0,71231,0,0,12783,0,0,686556,52468,0,2048,83164,0,6215,23632,181187,0,75886,0,0,0,0,0,0,1111156,0,0,0,0,286418,0,1494539,877677,616862,2609991,17077,189278,2686409,263465,0,8542,600474,0,39463,0,0,71248,0,0,11142,704,0,1009449,54975,0,3566,186928,0,9148,26621,113916,0,81394,0,0,0,0,0,0,1494539,0,0,0,0,279231,0,1497537,788394,709143,2628994,2358,61418,2791992,361064,0,6110,603987,0,78046,0,0,72934,0,0,11907,44,0,1046149,55859,0,2983,95830,0,8729,30297,143052,0,108528,0,0,0,0,0,0,1497537,0,0,0,0,366518,0,1791269,944900,846369,2599664,-2468,83007,2831976,309227,0,4871,614687,0,102996,0,0,76148,0,0,8772,63,0,1169184,56508,0,2627,250699,0,18484,32428,150097,0,106371,0,0,0,0,0,0,1791269,0,0,0,0,438314,10721,2050105,1141475,908630,2792197,13657,206263,2963332,274678,0,6426,623162,0,113563,0,0,86820,0,0,51038,303,0,1313200,73406,0,2588,322343,0,20316,30472,165634,0,104999,0,0,0,0,0,0,2050105,0,0,0,0,378708,9976,2105025,1166896,938129,2919525,46,130997,3169757,307505,0,5238,765727,0,116791,0,0,84953,0,0,47350,0,0,1393529,65117,0,2678,321532,0,28520,46235,128782,0,103418,0,0,0,0,0,0,2105025,0,0,0,0
070895,00000,Highmark Health Companies (G),816429,2528,8119643,3640668,4478975,12858061,16389,647016,11091358,1329466,0,138806,2997992,6886,2152422,211,0,103803,0,200,231782,483,0,6681352,193561,0,29766,129124,245185,52,18229,78421,0,490141,0,28900,3880,0,79698,0,8119643,0,0,11771,359374,1034850,143785,10166264,5234930,4931334,14293885,-14673,335320,12535998,1569756,0,52501,3738211,12241,2324805,204,0,114024,0,200,349997,9601,0,7884301,251188,0,35994,83411,303081,32,16736,81134,0,970232,0,38634,147666,21256,136313,0,10166264,0,0,8696,291472,958502,119857,10304686,5233345,5071342,13866979,36394,50926,12156405,1732585,0,44479,3878452,7645,2473028,197,0,106370,0,2234,359250,1385,0,8012391,308331,0,36045,101706,311583,9,14557,90823,0,990192,0,32375,176685,24957,40697,0,10304686,0,0,4570,220757,1125864,4858,10180989,4782428,5398561,14276484,88389,135153,12440068,1881432,0,42155,3714262,5974,2735875,188,0,107002,0,2234,532772,4197,0,8418473,380780,0,49353,122273,328799,23,15474,94991,0,592846,0,29586,1431,1722,98226,0,10180989,0,0,0,190104,603529,264672,9946714,5071281,4875433,14187285,-26421,-865578,12997353,2218989,0,29983,2865616,6242,2763276,179,0,114364,0,2034,726988,11509,0,7289584,380787,0,24689,226997,489002,18,16364,103428,0,905696,0,32231,76611,40072,66580,0,9946714,0,0,0,195846,1007668,319675,10146455,5741611,4404844,13753890,-3552,-444448,12527487,1894016,0,13958,2277304,5117,2708891,171,0,113345,0,0,787218,2591,0,7022371,458436,0,20184,216675,346390,12,19497,94656,0,1038750,0,91847,271755,66180,166069,0,10146455,0,0,0,120066
070932,00000,Horizon Healthcare Services Companies (G),-97005,0,3879878,2108775,1771102,8008529,29849,191810,6766792,1148826,0,25358,2431697,782,582606,0,0,0,0,0,229102,0,0,3147181,158615,0,26876,7362,213945,0,9400,2180,0,267622,548,0,0,0,20782,9,3879878,0,0,0,0,-195787,0,4080545,2107341,1973204,8313719,74177,-34099,7065390,1331147,0,51813,2463287,2253,734062,0,0,0,0,0,210361,0,0,3214176,176016,0,25529,7507,230223,0,9775,5586,0,287773,0,0,0,0,72148,0,4080545,0,0,0,0,-48853,0,4319037,2212097,2106940,8993182,21987,202427,7708254,1183102,0,44441,2322085,364,840446,0,0,0,0,0,269957,29576,0,3413574,168687,0,23202,7647,240748,0,19514,4063,0,349150,0,0,0,0,48011,0,4319037,0,0,0,0,-188484,0,4479311,2267273,2212038,9437917,12142,313571,8281017,1316975,0,40969,2824503,891,552523,0,0,0,0,0,294144,91,0,3483667,188663,0,26828,38703,310949,0,24843,5075,0,332232,0,0,0,0,27380,0,4479311,0,0,0,0,-200027,56700,4605628,2375393,2230234,9978280,56861,107063,8472683,1471410,0,47735,2800832,934,541842,0,0,0,0,0,358000,1334,0,3502914,217587,0,24577,38110,334682,0,24146,16526,0,308148,0,0,0,0,34504,0,4605628,0,0,0,0,-200382,66470,4795391,2489482,2305909,11027838,72025,161611,9308448,1609802,0,70783,2982781,954,511672,0,0,0,0,0,187933,14819,0,3497777,227762,0,25541,68860,389138,0,26596,20648,0,319750,0,0,0,29575,52491,0,4795391,0,0,0,0
070970,00000,Humana Health Companies (G),1023462,847,9020493,4836455,4184038,29877596,572785,1524520,24079925,4039756,0,151073,6726626,0,40839,36150,0,12989,2862,0,2573,0,0,7893619,148775,0,70409,184106,74717,1579,19597,840,0,348177,0,99533,0,0,24242,63,9017578,2915,0,0,48119,873937,5906,9687070,5227853,4459217,31952938,730719,1358820,25498986,4710510,0,183609,7273981,0,18038,36150,0,12450,600,0,922,0,0,8216078,208055,0,81800,17974,391419,2175,21394,4000,0,272639,0,252136,0,164,26817,0,9684166,2904,0,0,0,722291,7639,10089766,5419483,4670283,35773416,614752,1145197,29253262,5125771,0,267145,7373725,0,11317,36150,0,11729,2809,0,4051,200,0,8162272,204629,0,79969,79544,664275,200,21538,4277,0,236351,0,338467,0,273,20289,0,10086869,2897,0,0,0,397928,5046,10455869,5307220,5148649,38065185,771134,673533,31444718,5565639,0,271429,7584160,0,33989,36150,0,11307,3199,0,51516,6900,0,8125149,346251,0,77579,13885,779945,164,20962,8148,0,228495,0,518444,0,1893,55598,0,10452987,2881,0,0,0,335695,463051,12050011,6299781,5750230,45120981,664374,-233473,37657710,7372501,0,363602,7088604,0,107606,36150,0,12202,3037,0,48700,4980,0,7636974,529488,0,72828,97940,1728949,194,21369,687111,0,250066,0,170417,0,12111,13036,0,12047137,2874,0,0,0,1229010,538542,13781754,7443341,6338412,51065891,785970,-84935,43257038,7428253,0,583217,6873954,0,122212,36150,0,11251,2193,0,48698,13465,0,8336932,756061,0,57270,125698,2113051,1669,20685,21963,0,302743,0,852885,0,17692,53346,0,13781754,0,0,0,0
070982,00000,Independence Blue Cross Group (G),146447,829,3151865,1469489,1682376,6818958,29720,159397,5959992,747336,0,54795,1014234,39211,1065846,0,0,3387,0,0,4437,0,29393,2302955,50892,0,9976,175282,45848,0,11525,1003,0,490326,0,128,6764,0,1542,0,3151865,0,0,0,0,400731,586,4189400,2241249,1948151,9435109,280725,295023,8052067,956766,0,80805,1785704,14941,526983,0,0,3252,0,0,252046,1080,30402,3015139,114369,0,16243,185801,222609,0,7371,5235,0,504256,0,0,7709,0,29276,0,4189400,0,0,0,0,413840,684,4523618,2457334,2066284,9510841,120228,142813,8314874,1016440,0,77455,1932546,14794,631422,0,0,3541,0,0,288057,0,36967,3321167,100789,0,16341,141578,267498,0,6425,4169,0,573257,0,588,5601,0,8067,0,4523618,0,0,0,0,643981,817,4527538,2207354,2320184,10191993,45024,-120339,8942498,1474448,0,48006,1675590,21128,664483,0,0,3380,0,0,274688,175,49655,3333081,132597,0,14217,181355,261053,0,5413,5550,0,539584,0,21,5842,0,1,0,4527538,0,0,0,0,567009,256806,4661532,2846978,1814554,12194700,167253,-3261,10483672,1700634,0,31610,1727628,20312,379538,0,0,3129,0,0,33783,74,0,2731473,96288,0,14054,409979,212659,0,2720,83349,0,712556,0,0,61814,20831,27393,0,4661532,0,0,0,0,596453,257395,4512898,2894493,1618405,13124151,137597,-12348,11161909,1892829,0,57892,1746706,34633,407844,0,0,2927,0,0,43389,3924,0,2835875,120232,0,13820,193440,247041,0,431,140122,0,511996,0,0,71562,19550,43542,0,4512898,0,0,0,0
070936,00000,Kaiser Foundation Group of Health Plans (G),6303523,0,44965944,31213446,13752498,47334728,1163,4034035,43973546,2242694,0,0,981125,0,0,0,0,13263679,3960,0,14182994,0,0,34735281,578027,0,6906,40814,10065,1805919,1157910,5996530,0,634493,0,0,0,0,0,0,44965944,0,0,0,0,6321682,0,50288905,36600390,13688515,53143699,2386,4653452,49147106,2535020,0,886,1600436,0,129692,0,0,14444610,3952,0,15830517,9066,0,38339953,981863,0,46756,11117,2750,1940352,1191748,7086559,0,684758,0,2163,0,0,0,0,50288905,0,0,0,0,6667304,0,56832590,41270685,15561905,56749716,5100,4204978,53409229,2738109,0,1599,1847521,0,137031,0,0,16339888,3978,0,19469954,13637,0,44479314,735973,0,40838,36383,8604,1972648,1434631,7383264,0,739336,0,0,0,0,0,0,56832590,0,0,0,0,6421069,0,61057620,36755901,24301719,59301326,9100,5126391,54990004,2980869,0,1139,1898122,0,148904,0,0,17844903,4214,0,22877155,91,0,49194457,752172,0,33675,56477,15780,2028903,1579102,6614587,0,776392,0,200,0,0,4735,0,61057620,0,0,0,0,6865201,35425,66397600,44797089,21600512,63294977,-646,5531652,56633308,4673525,0,1599,2074351,0,165086,0,0,19673999,10106,0,26080982,3173,0,54872899,679305,0,34637,72967,12418,2022488,1905812,5928040,0,831571,0,440,0,0,0,0,66397600,0,0,0,0,6841954,36987,67306398,41165137,26141261,67951941,7628,3360968,63834626,4960017,0,965,2357171,0,162560,0,0,19582492,8133,2833,26189131,2035,0,55146309,692424,0,31318,56353,11379,1881478,2111117,6397213,0,859503,0,80808,0,0,543,0,67306398,0,0,0,0
064652,00000,Local Initiative Health Authority of LA,136920,0,351685,206187,145498,850577,0,-209148,995173,75612,0,0,0,0,0,0,0,0,0,0,951,0,0,137871,0,0,356,0,0,106,285,9766,0,203301,0,0,0,0,0,0,351685,0,0,0,0,329170,0,368008,217293,150715,1515771,0,188736,1266577,63775,0,0,0,0,0,0,0,3571,0,0,552,0,0,333293,0,0,400,0,0,411,5250,4589,0,24065,0,0,0,0,0,0,368008,0,0,0,0,435708,0,509345,370087,139258,1900716,0,22697,1798922,79452,0,0,0,0,0,0,0,0,0,0,300,0,0,436008,0,0,200,0,0,4259,963,13295,0,54620,0,0,0,0,0,0,509345,0,0,0,0,849379,0,1233876,1057933,175943,2465650,0,150546,2205616,116996,0,0,0,0,0,0,0,0,0,0,11085,0,0,860464,0,0,150,0,0,3307,1629,81188,0,287138,0,0,0,0,0,0,1233876,0,0,0,0,895560,0,1354749,1134674,220075,4033051,0,439922,3433869,161823,0,0,0,0,0,0,0,0,0,0,9901,0,0,905461,0,0,150,0,0,4962,6468,44622,0,393086,0,0,0,0,0,0,1354749,0,0,0,0,1683855,0,2857668,2364728,492940,5863670,0,826653,4768102,270345,0,0,0,0,0,0,0,0,0,0,9399,0,0,1693254,0,0,921,0,0,3515,9183,97787,0,1053007,0,0,0,0,0,0,2857668,0,0,0,0
070997,00000,Louisiana Health Services Group (G),221733,1498,1429150,612255,816895,2347564,45037,105281,1949537,296120,0,0,575531,1972,301462,0,0,68967,0,0,16912,3678,0,1190256,8806,0,4839,89736,25417,0,8809,0,0,99789,0,0,0,0,0,0,1429150,0,0,0,0,158748,463,1509731,635932,873800,2453689,54295,36582,2117062,288682,0,1534,680363,3130,268129,0,0,67896,0,0,20435,11990,0,1210690,11787,0,5574,87191,29373,0,26214,0,0,124614,0,0,0,0,12291,0,1509731,0,0,0,0,156103,875,1604862,612405,992457,2595041,45249,24920,2236066,329996,0,15523,713935,3810,287268,0,0,65383,0,0,25358,1955,0,1253812,17553,0,5052,103519,48525,0,24906,0,0,134330,0,767,0,0,0,0,1604862,0,0,0,0,189258,381,1731077,628680,1102397,2660823,94262,-39306,2209130,436908,0,5916,752914,5867,314842,0,0,62529,0,0,72649,0,0,1398059,15565,0,5479,92580,60683,0,24774,0,0,126985,0,655,0,0,0,0,1731077,0,0,0,0,188879,60592,1876806,731526,1145280,2904891,69684,-12595,2473671,415960,0,4256,779025,2851,313465,0,0,59989,0,0,72250,219,0,1416679,20642,0,6148,124797,63272,0,20253,18073,0,116468,0,603,0,0,25025,0,1876806,0,0,0,0,269713,57527,1850053,769921,1080132,3115212,-22434,-45548,2744204,485351,0,22920,673729,4228,249243,0,0,57670,0,0,68824,838,0,1324245,32850,0,5444,131719,66246,0,20363,0,0,114029,0,65315,0,0,9394,0,1850053,0,0,0,0
070102,00000,Medco Containment Group (G),33702,0,314720,135797,178923,699948,5608,55127,573666,66255,0,1856,46815,0,0,0,0,0,0,0,0,0,0,80516,3879,0,74,0,205431,0,0,0,0,8850,0,12993,0,0,1120,0,314720,0,0,0,0,188889,0,324155,79774,244380,762858,6560,-66340,770667,52314,0,981,9427,0,0,0,0,0,0,0,0,0,0,198316,28866,0,26,0,90923,0,0,0,0,3020,0,2022,0,0,0,0,324155,0,0,0,0,206785,0,532433,239935,292498,758274,7972,96148,669541,-15290,0,593,9504,0,0,0,0,0,0,0,0,0,0,216289,31660,0,27,33895,241902,0,0,0,0,3479,0,4588,0,0,0,0,532433,0,0,0,0,718417,0,1109332,710717,398614,756974,25011,612382,644286,-524584,0,2665,9470,0,0,0,0,0,0,0,0,0,0,727887,28169,0,33,130897,204865,0,0,0,0,10248,0,3338,1229,0,0,0,1109332,0,0,0,0,770913,0,1510656,1066084,444572,784087,60306,96566,747516,-120072,0,2447,9356,0,0,0,0,0,0,0,0,0,0,780269,98078,0,34,168823,424342,0,0,0,0,12364,0,20842,1796,0,1661,0,1510656,0,0,0,0,1109821,0,1450977,999847,451130,768686,32710,59130,891880,-214805,0,8598,2485,0,0,0,0,0,0,0,0,0,0,1112306,300490,0,26,0,6389,0,0,0,0,11473,0,10285,1410,0,0,0,1450977,0,0,0,0
070902,00000,Medica Holding Companies (G),410468,0,1105959,515946,590014,2781361,16271,69966,2449087,271232,0,7104,492684,1449,0,0,0,6901,0,0,0,26,0,911528,59695,0,5732,15844,0,0,1750,0,0,75327,0,0,28980,0,0,0,1105959,0,0,0,0,409134,0,1218251,550335,667916,2831580,30956,76695,2436093,306651,0,15585,589510,940,0,0,0,6222,0,0,0,46,0,1005852,58210,0,6440,11275,2615,0,1497,0,0,86867,0,0,29909,0,0,0,1218251,0,0,0,0,269418,0,1267562,567265,700297,2953261,24908,28502,2639696,284284,0,24061,701166,673,0,0,0,91832,0,0,0,400,0,1063489,14765,0,6656,13199,8206,0,1848,0,0,85287,0,0,41588,0,8463,0,1267562,0,0,0,0,94829,0,1247460,560730,686730,3188728,7606,-29302,2845334,394464,0,24283,747772,213,37196,0,0,90593,0,0,0,316,0,970919,49932,0,7304,12321,12156,0,6726,0,0,91308,0,0,67688,0,4823,0,1247460,0,0,0,0,336314,12164,1425447,642271,783176,3553598,41822,227271,2899559,417390,0,9552,667822,0,67793,0,0,88879,0,0,0,29,0,1160836,47664,0,6736,12652,28623,0,5480,400,0,94243,0,0,30307,0,16790,0,1425447,0,0,0,0,364426,16424,1554378,729837,824541,3647582,7336,207235,3137597,330235,0,14520,670043,0,173308,0,0,86785,0,0,17500,3880,0,1315942,57743,0,6320,11187,25869,0,4481,0,0,78346,0,12930,6743,0,3873,0,1554378,0,0,0,0
020468,00000,Medical Mutual of Ohio Group (G),125671,0,1524225,458899,1065326,2284722,7625,28314,1903260,388337,0,14303,858961,0,22054,0,0,0,0,0,427241,0,0,1433928,3848,0,7656,22865,0,0,0,16352,0,14287,0,0,0,0,3449,7537,1524225,0,0,0,0,121562,0,1590893,469991,1120901,2303172,43501,116308,1882423,298576,0,27443,865019,0,56603,0,0,0,0,0,414555,0,0,1457738,3921,0,7425,39580,0,0,0,15933,0,15718,0,0,0,0,17281,5852,1590893,0,0,0,0,185524,0,1663958,530397,1133561,2547255,738,125503,2132947,325761,0,13564,891238,0,103141,0,0,0,0,0,400891,0,0,1580794,2039,0,7619,9889,0,0,0,15501,0,16179,0,0,0,0,11205,7168,1663958,0,0,0,0,159173,0,1695215,473411,1221804,2546505,2905,30028,2230885,319011,0,24857,931745,0,145039,0,0,0,0,0,363459,276,0,1599692,25090,0,7654,1858,0,0,0,16068,0,13865,0,0,0,0,0,6132,1695215,0,0,0,0,193084,55763,1816100,536198,1279902,2466239,26700,87116,2026272,362036,0,35223,968236,0,155222,0,0,0,0,0,332867,0,0,1649408,28341,0,7660,15990,0,0,0,15214,0,2193,0,0,0,0,0,6306,1816100,0,0,0,0,275752,49306,1916974,564134,1352840,2385138,34266,127177,1909536,351255,0,12409,1019825,0,158117,0,0,0,0,0,295511,0,0,1749204,37685,0,7721,11802,0,0,0,16753,0,10581,0,12752,0,0,2990,5771,1916974,0,0,0,0
020326,00000,Molina Healthcare Group (G),400989,1011,752473,371861,380612,3456368,23580,42783,2930398,490526,0,6295,179394,0,0,0,0,4315,0,0,527,0,0,585226,73865,0,2479,169,195,1613,113,37000,0,43940,0,568,0,0,0,0,752473,0,0,0,0,562477,0,1017365,487368,529997,4793023,67763,123514,3929986,693167,0,7386,283263,0,2786,0,0,0,0,0,528,0,0,849054,47436,0,3441,0,5538,2053,98,35614,0,63765,0,2,0,0,2978,0,1017365,0,0,0,0,808086,2279,1269251,696150,573101,6190919,24758,232617,5161368,782319,0,15035,286133,0,3459,0,0,0,0,0,537,0,0,1098216,51566,0,2572,0,3764,1981,10,25319,0,60351,0,0,0,0,8158,0,1269251,0,0,0,0,951583,2476,1652632,978813,673819,6664944,73848,172623,5464059,985524,0,15641,360024,0,3880,0,0,0,0,0,542,0,0,1316028,177612,0,2512,0,3602,2172,0,44085,0,68073,0,0,0,0,20430,0,1652632,0,0,0,0,1803518,6740,3040141,2069604,970537,10049276,76992,934171,7620306,1430850,0,26051,614128,0,4587,0,0,0,0,0,547,0,0,2422780,361833,0,4330,3596,8698,1575,0,33939,0,159747,0,0,0,0,10852,0,3040141,0,0,0,0,2626215,35584,4190293,2832266,1358027,14612169,214711,835984,11470193,2110878,0,46488,920678,0,5006,0,0,11244,0,0,374,0,0,3563516,142216,0,8558,0,15659,1432,873,63248,0,267988,0,14219,0,0,30512,0,4190293,0,0,0,0
064713,00000,Orange Prevention & Trtmt Int Med Assist,93726,0,370501,221451,149049,1224155,37356,31772,1114551,45457,0,0,0,0,0,0,0,0,0,0,147079,0,0,240804,0,0,1,0,0,432,3702,8431,0,117131,0,0,0,0,0,0,370501,0,0,0,0,161550,0,389920,236600,153320,1535290,29727,103534,1353157,56927,0,0,0,0,0,0,0,29807,0,0,149569,0,0,340927,4705,0,5,0,0,296,3745,8245,0,31997,0,0,0,0,0,0,389920,0,0,0,0,100756,0,464941,308086,156855,1394427,31629,-38648,1343360,65842,0,0,0,0,0,0,0,37320,0,0,152137,0,0,290213,4437,0,16,0,0,2290,3411,16160,0,148414,0,0,0,0,0,0,464941,0,0,0,0,159356,0,690408,478476,211932,1571866,42,59447,1448076,70578,0,0,0,0,0,0,0,38588,0,0,147703,0,0,345647,3011,0,1,0,0,1378,2767,14478,0,323127,0,0,0,0,0,0,690408,0,0,0,0,279728,0,1007474,607164,400310,1845534,107589,131104,1576628,11489,0,0,0,0,0,0,0,39971,0,0,156212,0,0,475912,5789,0,26233,0,0,2407,3265,14479,0,479389,0,0,0,0,0,0,1007474,0,0,0,0,766628,0,1866531,1239488,627043,3343775,124673,793597,2315007,144187,0,0,0,0,0,0,0,41427,0,0,460449,0,0,1268504,10669,0,1701,0,0,2706,2722,21118,0,559110,0,0,0,0,0,0,1866531,0,0,0,0
070993,00000,Premera Companies (G),48426,282,1580957,701572,879385,2799773,32785,135093,2327347,343383,0,19242,769322,0,331904,0,0,39323,0,0,31068,60,0,1278906,20462,0,6279,13666,64932,0,8856,34338,0,112840,0,0,0,0,21153,0,1580957,0,0,0,58803,71603,0,1661096,688354,972742,2950369,25310,140510,2426869,397876,0,18241,830558,0,335985,0,0,41154,0,0,64732,906,0,1344937,16442,0,6551,7615,68753,0,2098,27055,0,145699,0,460,0,0,23247,0,1661096,0,0,0,0,91317,536,1881073,720657,1160416,3017794,10610,104219,2614521,333395,0,9254,853109,1100,428370,0,0,39816,0,0,137337,500,0,1551549,15534,0,6156,12431,75432,0,969,26868,0,136380,0,26064,0,0,19900,0,1881073,0,0,0,0,68280,0,2097744,737796,1359948,3048411,8761,35831,2607930,437699,0,1372,838314,1100,554103,0,0,37282,0,0,239345,1968,0,1740390,34002,0,6475,17915,111004,0,1837,30142,0,129655,0,24153,0,0,800,0,2097744,0,0,0,0,165293,84007,2364141,948872,1415270,3569345,26079,196752,2915335,473174,0,2398,883218,0,607862,0,0,37238,0,0,246223,5965,0,1945800,25531,0,6562,11981,115086,0,3388,41255,0,121685,0,1073,0,0,5375,0,2364141,0,0,0,0,60968,92208,2433939,1045518,1388421,3905401,26047,-67859,3382364,612876,0,14426,960649,4453,566244,0,0,34223,0,0,297664,173,0,1924375,41911,0,6425,15834,128705,0,2700,36795,0,130735,0,34522,0,0,5303,0,2433939,0,0,0,0
020353,00000,Regence Group (G),78655,1336,3162119,1288611,1873509,6030736,18240,-3857,5138937,992434,0,50130,1631954,52630,666050,0,0,68682,6719,1481,31570,771,0,2538511,12287,0,24491,69826,89492,2105,0,19840,0,329817,0,13792,150,24,10318,0,3162119,0,0,0,0,148922,615,3285116,1397436,1887680,5831789,-1014,77707,4908613,951509,0,41275,1693031,53533,634747,0,0,46087,2113,7353,36572,586,0,2622943,20797,0,23793,32195,138392,2176,0,17170,0,372935,0,6810,564,9,5442,0,3285116,0,0,0,0,145475,383,3329671,1258986,2070686,5702473,36355,45280,4844086,892628,0,30026,1792707,57202,674927,0,0,32147,850,20612,23334,128,0,2747383,12622,0,20733,32320,97079,1559,0,12527,0,366158,0,7162,453,6,1260,0,3329671,0,0,0,0,182847,168,3549269,1297498,2251771,5851250,51241,-2285,4977951,915455,0,10463,1891814,10336,734320,0,0,31513,850,3815,64001,3155,0,2922651,8160,0,21596,31119,177076,1079,0,10184,0,342632,0,14546,149,0,9446,0,3549269,0,0,0,0,158457,63117,3499585,1298945,2200640,5443279,2144,-169942,4731147,951209,0,3567,1900223,20711,765056,0,0,29053,850,3815,-22053,5359,0,2861473,10292,0,22566,41020,164401,679,0,6175,0,317863,0,4871,137,0,3426,0,3499585,0,0,0,0,50372,47478,3477965,1327054,2150911,5310174,16193,-33404,4499579,913705,0,6053,1890771,37761,744796,0,0,35435,850,2659,-1205,1873,0,2763310,12807,0,12424,20947,146019,432,0,32113,0,315991,0,111196,121,0,9073,0,3477965,0,0,0,0
064877,00000,Solano-Napa-Yolo Commission on Med Care,118720,0,180581,108168,72413,575565,0,37037,495299,43834,0,0,0,0,0,0,0,0,0,0,301,0,0,119021,3311,0,118,0,0,108,897,1619,0,55508,0,0,0,0,0,0,180581,0,0,0,0,193712,0,248394,125767,122628,816205,0,91728,683981,41912,0,0,0,0,0,0,0,12584,0,0,300,0,0,206597,2876,0,106,0,0,3440,1055,2773,0,31549,0,0,0,0,0,0,248394,0,0,0,0,221678,0,351923,177850,174073,892306,0,28992,772274,92421,0,0,0,0,0,0,0,13076,0,0,300,0,0,235055,3637,0,85,0,0,2661,1194,2616,0,106675,0,0,0,0,0,0,351923,0,0,0,0,209647,0,378013,141973,236039,879342,0,-7576,810648,76813,0,0,0,0,0,0,0,16185,0,0,300,0,0,226132,2859,0,85,0,0,1937,1803,3752,0,141444,0,0,0,0,0,0,378013,0,0,0,0,352245,0,727232,313172,414060,1409406,0,148221,1180088,81356,0,0,0,0,0,0,0,19642,0,0,300,0,0,372187,163,0,62,0,0,1209,2737,2092,0,348782,0,0,0,0,0,0,727232,0,0,0,0,1030074,0,1483205,801732,681473,2629864,0,679817,1673606,276682,0,0,0,0,0,0,0,18879,0,0,1841,0,0,1050794,148,0,72,0,0,482,3786,2764,0,425159,0,0,0,0,0,0,1483205,0,0,0,0
070897,00000,TheWellCare Group of Companies (G),230087,69375,413725,268290,145435,1010862,1744,7093,843085,161298,0,3778,26146,0,0,0,0,0,0,0,0,0,0,256233,9085,0,525,0,7824,0,0,482,0,42876,0,18000,0,659,4888,0,413725,0,0,0,0,1138831,15927,1896053,1060872,835182,6137185,80589,3300,5100916,972836,0,21581,215724,0,0,0,0,0,0,0,0,0,0,1354555,122838,0,2266,1900,134292,0,0,3810,0,201159,0,26500,0,0,11226,0,1896053,0,0,0,0,915389,30627,1919651,1067756,851895,7254687,67486,-50475,6317772,926119,0,41044,189044,0,0,0,0,0,0,0,0,0,0,1104434,124988,0,3028,16509,89817,0,0,85353,0,383481,0,0,0,0,40370,0,1919651,0,0,0,0,1063909,20653,2048037,1085909,962128,8534265,84267,116436,7292919,1047787,0,49451,161999,0,0,0,0,0,0,0,0,0,0,1225908,168067,0,2541,860,108998,0,0,12009,0,417987,0,34513,0,0,7050,0,2048037,0,0,0,0,1243559,13394,3171992,2142258,1029733,10854085,113882,-366011,9233645,1881609,0,49090,268601,0,0,0,0,0,0,0,0,0,0,1512161,314510,0,1973,477,683425,0,0,11584,0,480932,0,82749,0,0,21697,0,3171992,0,0,0,0,1641346,5554,3375830,2095170,1280659,12366703,245351,619386,10295966,1218866,0,36304,239714,0,0,0,0,0,0,0,0,0,0,1881060,377498,0,1944,698,474809,0,0,46512,0,523379,0,6722,0,0,21349,0,3375830,0,0,0,0
070875,00000,Tufts Associated Health Plans Group (G),49894,0,900679,348975,551704,2488172,-1568,67245,2196687,244251,0,0,249855,0,289384,0,0,91477,0,0,162466,0,0,843076,25521,0,2357,6302,0,0,16003,0,0,6547,0,873,0,0,0,0,900679,0,0,0,0,283465,60,1068958,536197,532760,2870002,-2658,273049,2349475,270482,0,0,210960,1717,304475,0,0,90665,0,0,115942,0,0,1007223,25451,0,1858,4547,0,0,19818,0,0,7295,0,2705,0,0,0,0,1068958,0,0,0,0,104051,0,1209846,548206,661640,3726346,257,121870,3288526,340448,0,0,232313,3617,577051,0,0,89099,0,0,130063,0,0,1136193,24408,0,1879,7496,0,0,19560,0,0,19081,0,1229,0,0,0,0,1209846,0,0,0,0,137031,451,1200524,485082,715442,3778934,921,-35399,3472971,363722,0,0,223345,3321,520191,0,0,89709,0,0,142185,0,0,1115782,31871,0,1784,7069,7643,0,22509,0,0,12774,0,604,0,37,0,0,1200524,0,0,0,0,173194,1432,1338009,572983,765026,4147111,731,110367,3650554,408493,0,0,361591,3638,426242,0,0,108080,0,0,148909,0,0,1221655,35749,0,1819,12234,29384,0,24396,0,0,11201,0,140,0,0,0,0,1338009,0,0,0,0,141077,11523,1468683,717124,751560,4123351,-1633,116868,3654647,376730,0,0,308979,0,613484,0,0,105607,0,0,157048,0,0,1326195,41334,0,1524,21592,23334,0,22863,2173,0,18146,0,0,0,0,0,0,1468683,0,0,0,0
070852,00000,UCare Group (G),145103,0,574447,266070,308376,1598548,0,45992,1445568,116504,0,0,323129,0,32948,0,0,0,0,0,8753,62,0,509995,0,0,2099,618,2986,789,4541,899,0,2760,49760,0,0,0,0,0,574447,0,0,0,0,181289,49,639801,314868,324933,1798250,0,59180,1591030,157528,0,0,349106,0,33085,0,0,0,0,0,-2404,512,0,561588,0,0,1932,560,4969,455,5136,106,0,3264,61742,0,0,0,0,0,639801,0,0,0,0,255550,1279,806333,405599,400735,2279989,0,146621,1995576,145149,0,0,395219,0,38623,0,0,0,0,0,0,0,0,689391,0,0,1545,695,1039,315,5279,118,0,3524,103149,0,0,0,0,0,806333,0,0,0,0,227265,184,876304,423594,452710,2493344,0,58574,2268346,174847,0,0,445093,0,52941,0,0,0,0,0,0,0,0,725299,0,0,1780,1023,2575,175,6075,184,0,19261,119748,0,0,0,0,0,876304,0,0,0,0,554834,258,1338362,798360,540001,3406035,0,469014,2719795,231546,0,0,499109,0,84210,0,0,0,19783,0,0,624,0,1158560,0,0,1727,1392,12324,35,7779,0,0,6658,149085,543,0,0,0,0,1338362,0,0,0,0,392810,5492,1256836,700734,556103,3383120,0,-127154,3288344,236763,0,0,511125,0,85287,0,0,0,22987,0,0,0,0,1012208,5595,0,1818,9173,18084,0,13602,0,0,2357,186423,2084,0,0,0,0,1256836,0,0,0,0
070980,00000,UnitedHealth Group Incorporated (G),5393692,805051,14900478,8273411,6627067,42221527,1025229,2367686,34079549,5106893,0,154509,6371579,8175,104066,0,0,8500,19770,0,305516,1172,0,12212469,309581,0,79539,135229,46144,334,1665,165118,0,655480,0,34842,0,156306,144210,0,14900478,0,0,0,0,4820855,932124,15429556,8463921,6965636,45781496,1029331,1941075,37827796,5323007,0,150577,6998621,8175,122235,0,0,9462,19645,0,332394,535,0,12311921,343792,0,80180,183667,157288,112,1921,157205,0,727587,0,83392,0,185111,107420,7262,15429556,0,0,0,0,4213515,825189,15793306,9154803,6638503,48906971,1244002,2716603,39662035,5628547,0,216454,7922035,4250,37668,0,0,7209,24359,0,292717,408,700,12502861,463280,0,78282,200881,231125,67,1841,145852,0,915984,0,2526,0,122085,77774,9106,15793306,0,0,0,0,3402298,540091,16477070,8906052,7571019,51513016,965920,1492631,43478820,5911580,0,240606,9240294,7626,9249,0,0,6852,22908,576,321699,19,0,13011520,609115,0,80663,211521,505591,10,3253,191997,0,911001,0,7336,0,77340,77349,9675,16477070,0,0,0,0,3297536,161504,17333103,9344081,7989022,57816038,1501242,2362367,47138032,7253622,0,225452,9559933,7778,77913,0,0,6499,17185,5649,252021,22,0,13224537,811881,2,83369,192761,678379,4,3410,487971,0,1280913,0,34503,0,24690,112858,10869,17333103,0,0,0,0,4938655,354143,20773598,11640644,9132954,70626912,1897624,1827845,58028812,9254552,0,320660,9447389,7847,110367,0,0,6164,15431,0,258135,519,0,14784507,1202348,1,78643,196724,834953,3,2961,186505,0,1202217,0,1365537,0,34577,199025,10794,20773598,0,0,0,0
070966,00000,Vision Service Plan Group (G),202344,0,1305692,440728,864964,1799579,56115,83018,1620131,220048,0,10780,337455,177,39174,0,0,6220,0,0,384147,119,0,969636,0,0,4095,30780,50221,15251,53147,92212,0,76303,0,0,0,0,3267,0,1305692,0,0,0,0,290074,0,1391989,512454,879535,1877558,17908,141916,1709458,242994,0,13060,285039,131,45205,0,0,6113,0,0,406884,7,0,1033452,0,0,12491,55701,60194,13307,25098,94047,0,84640,0,0,0,0,0,0,1391989,0,0,0,0,288424,0,1469100,492354,976746,1898082,43480,178393,1705914,284352,0,15495,250091,95,54407,0,0,5947,0,0,463095,214,0,1062273,0,0,2043,70883,66866,15142,20987,121008,0,94403,0,0,0,0,0,0,1469100,0,0,0,0,236183,0,1544418,439242,1105176,1991379,69337,176407,1741057,285587,0,6634,231078,107,158366,0,0,5774,0,0,508379,62,0,1139950,0,0,1751,100900,71718,12355,18687,104012,0,88095,0,0,0,0,315,0,1544418,0,0,0,0,271342,0,1683443,539223,1144220,2237640,60306,156519,1935014,311833,0,10871,211685,65,163136,0,0,0,0,0,588720,70,0,1235017,0,0,1368,113158,80143,2898,23792,116829,0,95846,0,0,0,0,3520,0,1683443,0,0,0,0,252535,0,1784452,580632,1203821,2409167,45490,255594,2059191,371639,0,11111,123538,68,126487,0,0,0,0,0,745215,3,0,1247845,0,0,772,72079,90628,6584,45526,202078,0,106271,0,0,0,0,1558,0,1784452,0,0,0,0
064437,00000,Wellmark Group (G),97753,0,1818723,813296,1005427,3111577,-20952,133024,2653907,384014,0,20410,683494,6846,617695,0,0,91897,0,9448,100,7560,0,1515139,35174,0,6746,25675,69648,0,16223,863,0,107196,0,21,0,0,21627,0,1818723,0,0,346,0,71393,0,1909452,825182,1084270,3195319,40434,107961,2694796,399928,0,33044,899303,11816,466636,0,0,108395,0,9448,0,292,23,1567305,29738,0,9290,11495,73325,0,20470,931,0,131504,0,14,0,0,32335,0,1909452,0,0,0,0,173904,0,2097510,866294,1231216,3292051,18811,145773,2776818,411408,0,35768,1020659,14767,432739,1949,0,101854,0,4800,0,468,0,1751140,31330,0,10211,15757,76227,0,16809,1010,0,138580,0,0,0,0,20678,0,2097510,0,0,0,0,222680,0,2292867,899049,1393818,3303040,61072,94420,2802870,410804,0,20249,1161877,15662,436034,0,0,106667,0,0,0,3727,0,1946648,34970,0,11711,12186,74208,0,16918,860,0,144428,0,0,0,0,30689,0,2292867,0,0,0,0,78513,16600,2269056,909307,1359749,3430103,33174,-45047,2995010,514435,0,42814,1132719,14721,440175,0,0,186079,0,1630,0,94,0,1853931,40348,0,10430,26097,108700,0,13374,858,0,135827,0,5529,0,0,14547,0,2269056,0,0,0,0,129976,20340,2298048,976066,1321982,3583682,16523,-7212,3139573,498298,0,52178,1076462,1014,424351,0,0,180370,0,0,0,4555,0,1816728,80758,0,9781,10735,127307,0,9214,899,0,146206,0,15437,0,0,8463,0,2298048,0,0,0,0
